Median_Household_Income_2018,PCTPOVALL_2018,Unemployment_rate_2018,Percent of adults with less than a high school diploma 2014-18,diabetes_prevalence,Heart disease_prevalence
43371,15.0,4.3,10.5,14.5,10.7
68479,9.9,2.5,8.5,9.1,5.7
45906,20.6,3.4,23.1,14.6,9.8
58715,10.0,1.3,5.8,13.0,9.8
78503,8.6,2.4,8.0,10.4,6.4
47047,16.2,2.2,11.8,14.1,11.0
50893,15.2,2.6,15.0,10.1,6.9
37732,22.8,4.9,22.4,16.0,11.2
51030,12.3,4.6,14.1,13.0,8.8
51509,15.3,4.3,10.4,12.3,8.7
61508,9.6,4.9,7.4,10.0,7.2
37987,23.4,4.2,19.6,15.0,10.2
43651,17.7,4.0,17.5,14.5,10.2
40959,14.2,5.6,8.0,15.1,12.1
37428,21.7,3.9,23.0,16.1,9.6
78846,8.5,3.0,7.8,10.5,5.9
48988,16.2,4.7,9.4,11.9,8.7
60082,11.0,2.8,6.8,10.3,7.2
45440,13.9,2.9,12.4,13.6,9.8
57925,13.7,2.8,14.5,12.0,8.3
60180,12.0,3.7,8.1,10.3,7.1
42435,19.9,4.8,16.7,14.8,9.0
50610,15.1,4.1,16.2,13.7,8.2
54866,9.5,2.2,11.4,10.9,7.8
50112,16.4,3.8,11.2,12.6,7.4
41127,19.6,5.5,17.7,16.4,10.8
34009,20.3,4.5,20.4,16.5,13.3
41864,16.9,3.6,15.8,13.6,10.2
41213,19.0,5.7,16.4,15.2,11.1
54440,14.8,4.1,11.8,14.2,10.0
38613,17.1,7.8,10.1,15.8,12.8
83014,4.2,2.5,3.6,8.4,6.1
52093,13.7,3.3,9.2,10.9,7.9
57299,13.9,3.5,18.1,12.5,8.7
46651,17.8,3.8,11.7,15.0,8.7
40468,17.8,11.7,13.9,15.2,10.9
42782,18.4,4.8,23.8,14.2,7.8
56978,8.0,2.9,10.2,10.1,7.5
47757,16.7,4.0,20.7,15.6,10.0
74456,11.1,3.0,5.6,7.9,5.8
42022,22.6,6.2,22.9,12.5,7.7
106200,6.4,2.7,11.5,10.0,5.0
35636,26.5,5.2,16.8,16.4,9.3
82633,10.0,3.5,11.2,11.2,5.3
42149,15.0,3.8,20.4,14.9,10.7
50267,9.1,2.2,8.3,12.3,8.1
35812,26.0,6.8,23.9,15.4,9.6
41873,21.3,3.9,10.9,12.4,8.7
49280,18.6,3.3,19.8,11.8,7.3
44709,21.3,4.3,11.5,14.2,10.2
53337,11.2,3.4,8.0,10.3,7.6
44938,15.1,5.2,12.2,14.1,9.6
47713,17.7,3.9,16.9,14.9,9.6
46490,14.5,4.3,8.3,13.6,10.3
58398,9.2,4.4,6.0,11.3,7.8
46027,17.9,4.4,19.8,16.6,10.1
58855,9.2,2.4,10.1,10.8,7.6
38566,27.3,5.7,28.0,16.2,7.3
46954,11.0,2.6,7.6,12.5,9.6
50131,14.7,4.4,15.1,14.2,8.6
59043,9.8,2.8,11.3,12.3,8.9
48499,17.6,3.7,12.4,13.0,8.6
35025,17.8,4.1,15.1,17.0,12.8
59722,9.1,2.5,4.3,10.4,7.5
54984,12.3,2.7,8.6,11.1,8.1
105374,6.2,3.0,5.1,7.8,4.6
57036,12.6,5.0,10.3,11.9,6.8
36658,22.1,7.9,22.4,17.6,12.7
47865,18.7,5.3,10.8,12.6,8.1
49457,16.6,6.6,11.6,14.5,10.5
67242,8.7,3.1,7.7,9.4,6.3
41418,20.2,6.6,11.6,15.4,9.7
60349,12.6,3.6,10.0,10.6,6.8
75836,9.9,4.0,8.9,12.0,6.4
51046,20.7,3.3,6.4,9.6,5.9
57240,11.6,2.3,31.2,14.8,9.1
50261,11.9,2.8,8.8,12.7,8.2
51089,12.7,3.8,13.8,12.5,8.6
40653,22.2,8.3,18.4,15.8,9.6
68106,9.4,3.5,9.7,9.7,5.1
58295,11.0,2.7,9.9,12.9,8.3
68581,9.0,3.0,8.5,11.1,6.1
49538,12.7,2.5,3.7,7.9,5.4
38194,20.6,3.5,15.1,15.2,10.6
78714,7.4,2.6,8.2,9.9,5.9
42522,18.3,4.1,18.3,11.7,8.0
37911,23.7,4.5,23.8,17.4,10.3
57613,11.4,4.6,11.8,12.9,8.2
62029,9.2,1.9,4.8,9.9,7.1
84170,9.1,3.8,15.6,9.7,5.9
36779,26.1,3.5,30.9,16.8,9.8
51132,14.4,4.1,9.9,9.1,7.0
35880,44.3,4.4,15.2,11.2,7.2
62247,10.7,3.3,9.3,10.6,7.6
54063,13.6,5.8,11.3,11.5,8.0
34054,23.0,6.3,20.8,18.3,13.3
57337,10.8,3.2,10.6,12.8,7.7
50190,13.5,5.1,10.7,13.1,8.7
41701,16.8,3.6,17.7,12.8,9.5
32321,31.1,6.5,24.8,18.7,12.9
49580,14.7,4.4,10.5,12.1,8.0
41249,17.2,4.9,18.6,16.7,12.2
61219,8.9,2.8,7.8,10.8,7.2
53447,12.4,2.5,21.6,13.2,8.3
51690,10.9,2.4,7.6,11.0,8.2
101463,7.8,3.2,10.6,9.8,5.4
51911,9.2,2.2,5.8,11.1,8.5
67220,9.4,2.1,17.5,13.1,8.6
47733,15.1,4.1,13.9,13.4,9.0
38704,20.9,6.0,20.2,16.5,12.0
40077,25.5,5.0,14.5,14.4,8.7
43650,14.2,1.8,6.8,11.3,8.6
58307,8.7,4.0,4.8,9.1,6.7
42457,18.8,3.0,17.8,14.3,10.2
42479,19.5,4.3,11.3,14.1,8.9
47039,14.2,3.2,12.3,12.8,8.4
60556,9.0,2.7,12.6,11.9,8.2
59240,10.3,2.8,4.5,13.6,9.3
36624,32.7,6.2,23.9,17.2,9.9
39994,20.8,4.8,15.3,17.3,13.6
64580,11.6,3.1,10.0,10.1,5.3
48450,15.3,3.1,11.3,11.9,8.4
44297,16.5,3.9,23.4,13.8,8.6
76665,8.1,3.2,7.6,7.9,4.7
50185,13.8,5.8,3.3,11.9,8.7
55856,11.0,2.5,7.1,10.6,7.4
44969,15.7,3.9,17.3,15.8,10.7
65209,10.1,5.2,9.3,11.1,8.3
49767,13.1,4.7,12.6,15.3,10.3
61699,11.4,3.7,8.7,12.7,8.5
90858,5.2,2.7,7.2,10.9,6.6
37259,21.3,4.4,16.4,17.9,10.9
50179,14.4,4.8,12.2,18.1,14.3
44847,18.3,5.7,13.1,14.7,10.8
48518,20.4,5.5,19.0,12.7,8.3
49292,12.4,5.3,6.1,13.2,10.1
64714,9.9,4.6,7.5,9.8,6.4
62126,7.6,2.5,10.0,11.7,7.6
51641,12.0,6.9,3.9,14.2,11.5
43983,20.1,5.0,17.6,12.9,7.7
48004,18.5,4.2,16.5,16.1,9.3
73315,8.4,4.2,9.0,8.9,5.9
48578,14.5,5.5,9.1,14.6,10.3
49532,12.0,3.4,12.6,13.0,9.8
50774,12.3,4.8,10.0,11.2,7.6
48818,18.5,3.5,17.6,14.6,8.3
43533,26.7,3.7,24.0,16.7,8.8
48137,14.5,6.1,7.5,13.5,10.0
46751,14.4,4.6,10.3,12.9,8.8
38011,21.9,4.6,16.5,18.2,11.8
52447,11.5,3.5,10.7,14.1,10.0
41961,20.6,4.3,25.0,15.9,10.0
42188,18.4,4.0,16.3,14.9,10.4
57710,12.7,4.0,15.9,13.7,8.1
56099,11.0,5.3,9.4,12.3,9.2
40315,16.6,3.6,12.1,12.5,9.2
51192,15.7,4.2,16.3,14.4,9.3
104248,3.8,2.5,3.6,7.2,4.7
54250,9.2,2.3,9.6,12.9,9.9
38591,21.7,4.4,23.3,13.7,9.5
66075,7.2,8.7,10.3,10.9,7.4
86619,6.8,2.9,6.5,10.0,5.9
44366,15.1,4.6,16.4,15.4,10.5
59362,13.0,3.7,15.0,13.6,8.0
55512,11.0,3.3,10.8,11.2,8.5
50301,15.3,5.3,14.2,14.7,10.3
76520,7.5,2.9,6.8,10.1,5.6
80063,8.6,5.1,20.1,10.6,5.6
45385,18.4,4.2,14.3,16.4,9.0
30116,31.0,6.5,29.9,21.2,10.6
34768,26.9,6.1,14.4,17.9,12.4
54433,9.1,2.6,8.2,10.8,7.8
49073,12.7,2.1,9.9,12.3,9.3
40182,16.0,3.8,23.7,16.8,12.6
51456,15.3,2.9,16.9,11.1,7.0
37468,23.9,5.9,14.2,17.6,12.5
64304,5.5,3.4,6.8,10.9,7.7
53500,10.2,2.5,9.7,11.3,8.4
44638,19.3,6.2,11.9,12.9,9.0
44183,20.4,6.7,22.9,16.3,10.9
35293,23.9,4.1,19.2,15.5,11.3
63790,7.8,2.0,15.8,11.9,7.7
53059,15.8,3.4,22.2,13.7,8.3
52388,12.1,5.3,12.2,14.2,10.1
51373,14.1,4.1,9.2,12.8,9.0
49860,14.4,3.7,19.2,13.6,8.6
44130,13.2,5.8,6.3,13.3,10.4
33218,34.2,6.6,26.2,18.3,12.5
28524,30.1,6.7,24.1,25.6,12.5
39381,22.2,4.5,20.6,14.0,10.1
61579,9.9,3.4,7.7,11.3,7.5
44304,32.7,12.8,18.6,15.8,9.2
34777,23.3,6.4,6.1,17.3,12.8
40808,14.8,4.4,19.3,14.0,9.6
53793,12.3,3.9,11.2,11.7,8.0
54476,13.3,2.8,7.7,11.8,7.8
62963,10.3,3.4,14.4,12.0,8.2
45661,17.1,3.8,19.6,15.6,10.5
48984,15.7,4.3,16.6,13.6,8.4
50162,16.0,4.1,14.6,14.0,9.4
61190,10.6,3.1,9.0,12.3,8.5
79834,8.6,4.9,15.9,10.1,6.0
36354,24.5,3.9,17.2,17.5,10.0
77696,6.4,3.4,7.2,11.3,6.9
70942,7.3,2.8,7.7,10.0,6.5
40814,23.8,3.8,18.6,13.1,8.9
88538,5.7,3.7,6.1,10.7,6.3
53901,11.9,5.1,10.4,12.4,8.4
57599,11.8,4.5,7.1,11.8,8.1
53785,11.1,3.3,14.1,13.7,8.6
87666,8.2,3.6,10.2,11.2,5.6
49399,15.9,3.1,17.6,14.8,9.3
50531,14.9,3.8,13.5,12.9,7.8
39790,19.3,4.7,12.0,13.8,9.8
57210,10.7,2.8,11.6,12.4,8.7
55511,14.8,4.8,10.4,12.2,8.3
32802,23.5,5.2,20.0,15.6,11.3
48788,14.9,6.1,10.9,14.5,10.9
53632,11.3,5.0,9.9,12.2,9.0
37445,26.0,4.0,15.8,13.9,9.8
47031,15.2,5.7,14.2,15.5,11.4
65280,8.2,4.1,9.8,12.0,7.4
52682,16.7,4.6,14.7,10.5,7.3
74351,7.0,2.2,6.3,9.8,6.4
58075,11.2,2.0,7.7,11.9,8.9
54321,12.5,4.3,8.8,10.3,7.9
51382,16.7,3.9,10.4,12.4,7.1
66101,10.0,3.2,6.9,11.8,8.3
42715,20.2,3.2,14.5,13.7,8.0
68734,6.7,2.7,7.8,11.4,7.4
50576,15.6,4.8,10.4,12.1,9.0
59408,13.0,5.2,6.3,9.8,6.5
48448,14.3,4.0,13.3,12.7,9.7
47365,11.2,3.2,10.0,12.5,8.6
36176,25.2,5.7,25.8,19.9,9.6
74109,8.2,5.8,10.1,9.5,5.3
51457,13.4,2.6,12.4,10.7,8.1
48554,15.9,4.2,15.7,13.3,8.8
56451,10.2,2.9,5.8,12.4,8.3
55405,11.4,3.0,8.3,11.4,8.1
38818,22.9,6.8,20.3,19.0,10.3
41750,24.0,6.2,17.6,13.3,9.1
67187,9.9,3.2,5.7,10.9,6.5
44562,15.4,3.7,16.4,12.8,9.0
41256,15.1,6.4,11.1,14.9,11.7
69089,7.8,3.7,8.4,11.0,7.3
52340,10.9,3.5,13.8,12.1,9.2
53602,13.0,4.7,10.2,12.7,8.8
40064,20.8,5.0,14.6,12.9,8.6
50285,13.2,3.7,10.0,14.1,9.6
48792,18.1,6.7,14.9,16.7,12.4
62139,12.0,4.6,11.4,11.1,6.8
41807,18.2,5.5,14.4,15.2,10.2
59337,21.1,14.2,18.1,14.9,8.7
44340,16.7,3.1,14.5,12.3,8.4
50301,14.4,4.5,10.4,13.0,8.4
45966,13.7,2.8,7.3,12.6,8.2
74635,4.3,9.8,6.3,7.9,5.4
44975,17.6,3.8,13.7,11.7,8.1
36722,26.4,4.7,20.2,17.7,10.0
61268,10.4,2.6,2.8,6.7,4.8
76523,7.1,3.2,7.6,11.4,7.2
48018,14.0,3.2,18.7,14.4,9.7
52166,15.4,4.1,10.9,12.4,6.9
39735,18.7,4.5,23.4,16.5,12.4
37327,18.3,4.4,17.2,17.0,9.1
72873,11.9,3.4,16.4,10.9,7.3
52012,15.6,5.4,35.4,12.8,7.9
47412,20.9,3.2,12.1,13.8,10.1
63677,9.7,3.1,9.6,10.7,7.9
86541,7.0,2.9,5.0,11.4,7.6
37648,18.0,2.9,22.5,15.8,10.9
37687,20.7,4.4,19.3,14.6,11.3
44438,21.1,5.5,12.9,16.1,11.2
49960,15.7,4.5,9.2,13.4,8.7
64399,12.1,2.4,10.3,12.3,8.3
71586,8.2,2.7,5.0,8.7,6.6
44951,27.5,4.3,18.7,13.9,9.0
38479,20.4,4.8,19.6,16.5,10.0
39037,16.1,3.8,15.7,16.8,11.8
82048,5.7,2.5,5.3,9.4,5.9
37733,24.0,5.0,16.2,19.0,10.2
42820,17.5,4.2,22.6,15.0,9.7
50123,11.5,2.8,11.9,11.3,8.7
42114,24.6,4.8,14.9,16.8,9.3
42890,17.8,4.1,7.4,12.4,8.7
48519,19.7,3.6,12.3,10.8,5.8
39522,23.7,6.2,17.5,19.2,9.7
65182,11.7,4.5,11.4,10.6,6.8
45309,16.2,4.2,14.2,14.4,8.6
76067,10.3,2.5,6.8,7.9,4.7
45502,14.2,8.0,10.9,14.7,11.7
46067,15.9,3.4,16.1,14.4,9.5
48450,20.0,3.8,13.3,11.7,6.9
39491,21.3,3.8,25.9,15.6,10.5
57675,10.9,3.2,9.4,10.4,7.0
66597,8.2,3.6,10.1,9.9,7.0
59523,13.1,8.2,8.2,14.3,9.1
49356,16.5,10.9,9.8,14.2,9.2
58258,18.1,3.2,5.7,8.5,5.6
45458,15.3,4.4,17.6,15.1,10.5
55357,9.7,4.8,10.0,11.3,8.4
84889,4.4,2.3,5.2,7.9,5.2
97051,7.0,3.3,7.9,10.4,5.9
48598,13.5,3.7,15.8,14.1,8.7
55692,10.9,6.5,8.8,13.4,10.2
59428,9.5,2.6,8.3,9.7,7.0
50055,15.5,4.2,9.0,12.1,9.0
42259,23.6,4.6,20.7,18.2,9.4
42913,21.0,4.2,14.8,14.2,9.4
43799,15.8,5.1,14.2,13.4,9.1
55874,13.2,2.9,9.0,11.5,7.2
47153,12.9,5.9,11.0,14.5,9.7
64570,8.7,2.3,7.4,10.3,7.9
47993,16.5,4.0,14.3,16.1,9.1
45884,14.1,4.5,12.6,14.3,10.8
55687,12.0,5.0,7.1,11.7,8.5
64524,11.2,5.4,12.3,12.7,8.0
37624,23.3,4.7,14.4,18.1,10.9
54514,11.4,1.9,15.9,12.8,10.4
59865,12.4,3.0,7.1,9.9,6.6
47835,13.4,2.7,9.6,13.7,9.4
50748,14.9,4.2,11.8,12.2,8.0
55580,11.3,3.0,8.0,10.1,7.6
58956,13.0,3.4,15.8,14.0,8.1
45697,15.4,4.4,12.7,13.8,9.4
48345,17.0,6.4,16.5,14.3,9.7
77838,6.9,2.8,4.3,9.4,6.4
47551,19.2,6.5,15.4,15.2,9.8
57243,10.9,4.5,16.7,11.2,7.5
39114,22.8,5.1,23.1,17.4,10.0
56991,10.7,3.9,14.4,11.5,7.9
45074,15.5,3.0,16.8,13.1,9.3
32495,30.2,5.5,18.3,19.8,9.3
50141,12.9,2.6,13.4,12.6,9.9
56484,13.6,2.4,22.9,12.4,7.0
54862,12.8,4.9,10.0,12.8,8.5
107758,6.9,3.2,8.7,10.4,5.1
66209,8.7,2.2,5.8,8.4,5.8
58848,12.9,5.0,14.6,13.5,8.0
35184,22.1,5.6,30.1,17.0,10.1
48392,13.0,3.3,15.2,14.3,9.1
49887,13.4,3.5,9.8,12.1,8.4
71695,7.3,3.3,7.7,10.2,6.6
48920,16.0,3.1,12.9,12.0,8.2
47405,12.4,2.5,7.4,13.3,9.0
46216,13.6,3.6,10.5,13.9,10.1
33116,29.4,6.1,23.1,18.6,9.5
29900,30.3,8.5,28.0,20.8,11.2
39480,23.9,4.5,22.6,14.7,7.9
59552,11.3,4.4,16.4,11.3,7.9
56348,10.3,3.3,9.0,11.1,8.6
33053,37.9,4.7,28.4,17.4,9.0
43887,17.9,3.4,17.0,15.5,10.3
44467,16.0,3.5,8.6,13.0,8.8
38304,21.2,4.3,21.5,19.2,12.6
46019,18.7,5.7,12.4,13.1,8.1
49931,11.2,3.2,10.3,11.3,8.1
76530,9.1,4.6,5.6,10.1,6.5
69991,7.8,2.6,5.9,9.4,7.0
38294,19.4,1.8,15.2,12.0,9.8
68749,7.6,2.2,7.1,9.2,5.5
51859,14.2,3.2,15.9,13.9,9.6
52506,15.6,3.0,11.8,12.4,7.8
45434,17.9,4.2,19.1,14.9,10.2
53493,11.2,3.6,11.3,13.4,8.7
57785,10.4,2.7,7.2,8.9,6.4
46832,14.9,3.9,14.9,13.0,9.6
39361,20.3,4.6,19.5,19.3,11.0
52804,15.4,3.4,15.5,11.7,7.9
55787,10.4,2.3,29.8,11.9,7.4
34367,22.0,5.2,17.1,17.9,13.5
49265,13.6,4.9,9.4,13.9,9.9
61906,7.5,2.5,7.3,9.4,6.8
43903,22.0,4.8,21.6,13.3,8.3
40486,17.7,5.1,16.6,17.0,11.7
45817,12.6,4.6,11.1,13.1,10.4
58838,13.9,4.1,8.6,13.0,9.8
47291,20.0,4.8,9.5,10.7,7.5
47858,15.1,3.3,14.3,13.6,9.9
42781,21.9,4.3,25.5,16.3,10.0
51058,11.3,3.8,9.8,12.1,9.3
51155,15.3,2.4,12.3,11.5,7.8
63681,9.4,3.0,11.6,12.2,8.0
30691,29.9,5.1,23.7,16.5,11.8
42291,21.2,2.5,16.1,12.2,7.7
52502,16.8,4.0,16.3,12.7,7.2
56690,12.3,3.1,14.4,13.9,9.4
39686,15.1,4.1,11.8,14.5,11.8
60452,11.9,4.5,13.4,12.9,8.4
36903,20.5,3.7,16.3,13.6,9.5
48976,15.2,4.4,8.3,11.4,8.0
45788,16.0,4.5,15.2,12.5,8.5
48413,17.3,4.2,8.9,12.5,8.4
84381,5.7,2.9,4.5,8.2,4.2
47420,17.4,4.4,20.1,14.2,9.6
28146,38.2,7.1,35.7,18.0,12.2
65234,12.3,4.1,12.6,9.6,6.4
52550,11.2,2.0,15.8,13.6,9.6
42146,14.9,5.7,19.2,17.0,12.1
57367,9.0,2.6,14.5,11.9,7.4
61413,9.5,3.3,17.0,11.8,6.7
45720,13.7,4.1,21.5,13.3,8.9
38318,18.8,4.8,21.8,15.9,12.5
48520,11.6,3.2,6.7,12.8,8.9
36032,20.7,4.8,16.4,16.9,13.3
38067,20.5,4.6,17.4,14.1,9.8
34297,31.9,6.8,29.7,18.4,10.2
38927,17.1,6.4,16.7,15.1,12.1
90937,7.5,2.9,6.9,11.2,7.1
50064,13.9,5.8,9.0,15.0,10.6
34122,32.7,4.9,17.3,16.9,11.6
59457,8.8,2.6,4.7,11.0,8.4
45604,18.6,5.0,24.2,14.5,8.5
55531,9.3,2.8,7.4,11.7,8.5
69297,9.0,3.6,10.0,10.7,6.4
63297,11.3,4.0,9.7,11.1,6.9
47748,22.8,2.9,8.2,9.2,6.5
37038,22.2,4.0,24.4,16.3,11.1
56478,16.6,5.5,9.6,11.3,7.3
48040,16.0,3.2,11.6,11.2,7.0
64509,11.7,3.7,9.9,9.5,5.4
46962,11.3,2.4,15.7,14.3,9.2
41827,23.9,1.7,4.1,7.0,4.5
51646,15.4,3.8,16.8,14.0,7.9
46565,13.9,5.0,14.4,14.1,9.7
61560,12.1,2.8,31.8,13.1,7.0
37545,26.1,4.8,20.8,16.3,11.2
49321,11.1,2.3,9.9,12.5,9.3
55371,12.6,2.4,7.6,12.1,8.9
42186,16.8,3.8,14.1,13.7,10.4
40322,19.8,4.1,23.8,15.5,10.7
43000,15.3,4.7,12.9,14.0,10.6
57392,9.9,3.0,9.4,11.5,8.4
54093,14.1,4.9,4.7,10.4,7.9
45670,16.0,3.4,14.7,14.3,8.8
72993,9.2,3.0,12.5,12.5,7.7
35594,25.9,8.1,40.3,17.7,8.1
42503,17.6,3.1,15.7,16.6,11.6
48023,15.3,4.2,10.4,13.2,10.4
51774,12.7,2.9,6.4,9.4,7.4
39917,18.7,3.9,18.6,17.5,9.8
40936,17.4,3.8,17.6,16.8,11.1
35826,20.2,3.7,21.1,16.5,12.0
30742,31.9,6.2,27.7,17.2,12.2
60979,8.8,2.8,5.0,10.3,7.5
52633,15.0,3.3,12.7,13.3,8.1
43591,15.9,3.6,16.0,12.2,8.4
46720,15.6,5.5,17.8,15.5,9.9
71207,10.9,3.1,13.4,12.7,7.4
64456,9.2,2.1,3.9,10.6,7.5
56492,12.4,2.5,8.8,10.9,7.7
57005,15.4,5.3,15.3,12.8,8.4
41642,20.2,4.7,17.4,15.3,8.8
44624,17.3,3.7,19.0,15.0,10.5
33973,25.1,7.3,22.5,22.3,11.0
44409,16.2,3.9,13.5,15.9,11.0
52872,14.2,4.6,9.1,11.5,8.0
31419,31.8,5.4,20.7,17.4,9.5
46058,19.6,4.5,12.9,16.6,9.8
41129,17.2,4.0,12.7,15.7,11.1
48951,14.3,2.9,15.8,13.9,10.1
31182,32.5,7.3,26.1,17.6,12.5
39551,18.1,5.0,16.9,17.1,9.5
32691,39.6,7.4,22.0,16.1,9.2
56382,11.3,4.7,12.7,12.5,8.6
72949,6.7,2.5,2.4,8.0,5.6
57422,9.5,5.2,7.2,11.9,8.7
58057,8.6,2.6,8.1,10.4,7.0
66720,9.4,3.9,11.8,12.2,7.7
63318,12.3,5.4,10.6,12.5,7.2
83591,9.7,2.8,4.9,6.6,4.6
47484,17.8,3.1,10.4,12.6,8.9
45075,19.5,3.3,21.7,13.9,9.6
38826,22.2,6.5,19.2,18.6,12.3
56541,11.6,2.9,12.0,12.1,8.7
57069,9.7,3.4,7.5,10.8,7.2
59193,10.7,2.3,7.0,8.9,6.0
89276,11.1,7.0,10.2,11.2,6.5
53028,12.3,4.4,11.5,11.4,8.4
65793,8.3,3.3,12.0,10.5,6.1
60767,11.9,4.6,12.1,9.9,6.4
66849,9.6,2.1,20.5,12.9,8.2
32814,26.0,5.4,19.3,20.4,9.5
43125,19.0,3.0,18.5,17.2,9.0
37259,23.6,4.5,19.0,13.4,7.6
43115,19.4,3.6,22.9,14.6,10.0
57939,9.9,3.2,10.9,12.5,8.6
52085,14.2,4.1,19.3,14.8,8.7
58817,10.7,2.8,20.0,14.2,8.4
76507,7.8,2.8,8.8,11.0,6.9
46864,16.3,3.9,14.7,12.9,8.5
44302,18.4,4.6,17.3,14.7,9.5
59117,8.9,4.9,8.3,10.7,7.6
34724,25.6,5.1,16.4,20.0,10.5
47175,12.9,6.0,11.5,11.3,7.4
44016,13.7,5.6,9.0,13.9,10.5
36192,22.5,4.7,21.4,17.0,11.6
63088,11.3,4.1,14.4,10.5,7.1
68180,13.2,3.0,10.5,9.4,5.5
82533,16.1,5.6,9.4,8.1,4.1
55378,10.4,2.9,12.4,11.1,8.2
36592,20.3,3.1,21.4,14.6,11.0
36015,25.6,5.1,18.0,17.3,9.6
59616,15.6,6.4,21.7,11.2,6.5
45584,19.0,3.7,15.6,11.9,8.3
36730,26.9,7.4,20.2,17.5,10.0
54478,14.0,3.8,13.2,13.1,9.2
36132,24.3,4.5,21.2,19.3,11.6
37719,27.0,7.8,11.1,16.3,9.7
47202,17.2,4.1,17.0,11.4,6.6
35840,27.2,7.0,22.9,17.8,10.6
42701,14.3,3.4,14.7,15.0,10.8
55404,9.1,4.4,9.2,10.6,8.2
53871,13.9,2.4,10.3,13.9,10.2
58862,7.9,2.0,8.1,11.5,8.5
43535,16.7,5.5,10.0,12.8,8.5
65150,8.7,3.1,11.2,10.6,7.1
43585,20.4,5.9,14.7,14.2,10.9
59443,12.6,3.6,13.3,12.7,8.5
54774,14.2,3.8,24.7,14.1,7.7
46371,13.9,3.3,13.6,13.2,9.5
43439,16.8,3.9,13.3,14.7,10.4
42552,17.2,3.1,11.5,12.9,9.2
41471,18.6,4.0,14.9,14.1,10.5
52348,10.8,3.8,5.2,12.0,9.3
65435,7.6,2.7,7.0,9.5,6.8
57155,14.0,4.8,14.3,11.9,7.0
52689,13.6,3.7,12.9,12.5,8.9
50945,18.5,5.0,10.7,10.7,7.1
60734,9.4,2.8,8.5,10.8,7.3
42831,19.1,5.1,17.4,14.6,9.9
42719,18.5,3.3,19.9,15.2,9.9
63503,8.9,2.3,8.2,10.1,7.3
32144,27.6,5.5,29.7,15.7,11.5
51577,12.7,1.9,5.9,11.5,8.5
43767,15.5,3.9,18.1,13.9,9.0
63608,8.9,2.6,9.0,10.0,7.1
30950,28.4,13.2,30.9,17.7,12.1
67269,7.8,4.1,7.2,9.7,6.6
88960,13.9,3.7,12.1,11.2,6.9
49966,13.9,2.4,9.9,12.5,9.1
39169,27.0,5.3,24.2,15.9,10.5
53961,11.0,3.1,9.2,11.7,7.2
68878,8.9,2.6,7.1,8.7,6.0
89678,6.2,3.5,7.1,9.3,6.8
78637,3.3,3.9,22.7,11.4,7.2
66059,12.1,3.5,14.4,12.0,6.2
61387,9.4,3.0,6.1,10.6,7.4
60973,11.4,3.1,11.5,12.2,9.1
53060,10.3,4.3,14.5,14.6,9.2
34382,30.9,5.2,27.0,19.7,11.0
55796,14.1,3.3,10.8,12.0,7.5
31329,32.6,7.8,27.1,18.8,8.9
53168,14.5,2.9,10.5,9.4,7.0
67094,12.0,2.6,8.7,12.6,8.6
40204,17.9,3.0,23.5,14.0,9.5
63656,8.5,2.6,11.3,10.5,6.8
49577,18.2,2.4,14.1,11.7,7.9
51805,12.7,3.3,8.4,12.3,8.3
50580,13.0,3.3,14.8,14.2,8.8
44572,15.9,3.9,5.4,13.3,10.1
39513,19.5,4.1,26.9,15.2,9.8
44903,17.5,4.1,15.5,15.2,9.5
39450,15.3,4.8,12.5,14.9,10.5
37013,18.2,4.4,15.9,15.1,11.5
62149,8.6,2.6,6.2,10.4,8.2
48384,15.3,4.2,15.2,15.1,10.6
47382,15.9,4.8,11.8,12.7,9.6
92284,5.2,4.0,5.2,9.6,6.3
57588,9.8,3.6,9.7,12.0,7.8
36869,24.6,4.6,19.6,14.1,9.4
73337,14.3,3.9,15.8,11.1,5.4
34358,26.0,4.7,25.0,17.4,12.5
65849,8.8,2.3,8.9,10.6,7.6
77760,8.1,3.5,6.4,9.3,6.7
37233,26.1,3.8,27.3,16.8,11.8
69598,7.9,3.8,6.2,10.1,7.2
51302,13.7,2.4,20.2,12.7,8.2
27859,34.7,5.9,15.8,18.9,9.3
67039,7.1,2.7,5.7,9.8,7.0
55327,14.8,2.7,15.7,9.9,6.5
53626,14.8,3.6,17.5,14.4,9.2
50539,13.5,2.3,29.2,15.1,8.4
52313,11.8,5.4,13.1,10.9,7.8
56259,11.0,3.1,9.3,11.5,8.3
43048,17.7,4.9,21.9,15.9,11.2
67024,9.6,2.8,9.5,8.7,6.2
50482,12.5,3.9,7.7,12.1,9.3
45374,18.5,6.4,12.6,13.0,9.2
41268,22.4,4.1,31.6,16.1,9.2
46843,15.6,3.6,16.8,13.8,8.8
47905,13.1,2.7,10.1,12.4,9.0
58515,11.8,4.0,9.7,12.1,8.4
55167,11.8,2.9,10.0,10.5,7.3
52486,13.2,4.4,9.7,13.1,9.3
37026,19.7,5.2,16.5,16.0,11.7
42542,16.8,3.6,20.4,14.0,8.5
42540,15.9,7.1,12.6,14.4,11.2
42532,17.7,4.9,16.6,16.0,10.5
79719,11.7,4.1,11.5,11.5,6.4
43121,15.2,4.3,21.7,15.1,10.4
49344,12.9,3.3,10.6,10.7,6.7
39484,19.3,4.0,18.2,16.0,11.2
54823,11.2,4.5,6.9,11.5,7.9
42205,16.9,3.1,21.5,15.1,9.7
74649,10.4,7.6,7.6,8.9,5.9
52945,16.7,4.3,9.7,12.6,6.6
50113,23.2,2.8,13.3,8.9,5.1
49585,10.7,2.6,18.1,12.0,8.0
51905,10.3,5.5,6.5,12.3,9.4
62877,8.0,3.3,11.4,11.5,7.6
64850,7.4,3.7,4.2,9.3,7.0
70808,13.5,4.0,7.9,10.1,5.1
68943,7.0,2.9,6.8,9.5,6.0
55626,13.7,2.9,6.2,11.9,9.5
40798,14.1,7.8,7.4,16.1,13.0
40195,26.7,5.8,25.1,15.0,10.3
35070,26.0,6.1,16.8,17.6,10.8
53419,15.3,3.7,7.1,10.5,7.1
44371,21.3,5.2,13.7,14.1,8.2
63600,15.8,3.2,4.6,8.3,5.8
50928,17.3,4.9,9.5,11.0,7.8
44693,17.0,3.6,14.6,12.4,9.2
50388,13.5,4.0,11.7,12.1,9.4
71920,12.4,3.3,7.3,8.9,5.6
57092,8.8,3.3,10.8,13.0,8.5
56005,11.1,3.2,6.0,11.9,8.0
57300,15.4,4.1,9.0,12.8,7.4
42412,19.1,4.0,19.8,16.0,9.2
43367,22.3,6.6,16.3,15.8,10.2
39850,17.1,3.8,16.5,13.0,10.8
38156,24.3,5.6,18.4,16.2,9.6
42190,20.6,5.0,21.8,16.5,11.5
42887,21.9,5.1,6.5,9.6,6.9
46428,16.8,4.0,14.8,12.7,6.6
49164,15.1,5.6,12.8,11.7,8.4
75027,9.7,3.3,10.7,12.6,8.2
57409,12.2,3.8,17.0,11.9,7.4
38284,17.9,6.0,12.2,15.5,11.4
57193,11.6,3.1,12.0,12.9,7.9
87333,5.0,2.7,3.9,8.4,5.8
43079,18.1,3.1,12.2,10.8,7.7
46014,12.2,3.1,10.2,12.8,9.4
37049,24.1,6.1,19.0,19.2,8.5
43880,15.3,3.4,7.3,13.1,9.3
46059,17.6,4.9,15.3,15.3,6.1
66145,9.1,4.0,8.8,11.5,7.5
75048,11.5,3.9,10.3,10.6,6.4
42674,18.4,2.9,20.3,14.6,10.6
54874,12.9,2.9,8.4,10.8,8.1
45804,18.4,5.0,10.5,11.0,8.4
56381,13.4,3.8,10.7,12.6,7.1
40761,20.3,6.5,13.6,13.1,9.5
40887,15.4,5.2,11.3,13.4,9.4
39292,21.6,7.0,19.5,16.8,12.2
37365,24.5,4.8,15.4,18.6,10.4
69880,7.7,2.9,8.0,10.5,6.2
66090,12.4,3.6,9.4,11.4,6.2
35596,23.0,4.1,25.5,16.3,11.4
63885,10.4,2.3,5.5,7.8,5.2
34442,20.8,3.9,19.2,13.2,9.1
75177,7.4,3.0,5.1,9.7,6.9
56862,9.2,3.3,9.9,13.0,8.3
42112,27.0,4.0,12.9,10.3,5.5
46603,20.3,5.4,19.7,16.2,9.7
58429,11.4,3.9,9.1,11.9,8.1
91183,10.0,4.0,10.1,8.6,5.5
67569,9.0,2.5,3.3,6.8,4.7
37265,24.8,5.0,19.5,20.9,10.8
33908,25.5,5.5,32.4,22.2,13.2
54524,22.0,8.2,12.7,14.0,8.4
89034,6.8,3.8,3.7,7.2,5.3
50774,11.4,3.0,5.8,13.4,10.1
35848,27.3,6.3,26.6,16.3,11.5
61927,9.1,2.3,10.9,9.6,6.0
47317,16.5,2.9,21.5,14.2,8.2
69214,7.9,2.7,4.5,8.7,6.4
43967,16.1,4.5,15.5,13.7,10.2
50941,12.0,2.7,12.5,11.9,7.2
52565,13.5,4.7,9.7,12.1,8.4
47508,15.9,3.8,13.7,12.8,8.5
50542,13.8,3.2,14.5,13.7,9.8
33652,37.3,10.1,20.4,17.0,10.9
106270,5.4,3.5,6.1,11.3,6.3
39633,22.3,4.3,20.0,16.4,9.3
55008,14.4,3.8,12.4,15.4,9.5
52018,11.4,4.5,10.2,12.7,9.2
44715,14.0,5.2,9.7,13.9,9.8
55504,13.4,4.5,14.4,11.6,8.9
58987,10.1,2.8,9.8,11.8,7.4
47797,17.1,3.0,2.2,12.7,8.8
76001,7.1,2.3,5.6,8.2,5.5
60619,10.9,2.6,5.4,8.1,6.1
43879,18.3,3.6,16.3,14.3,8.6
55517,13.2,4.4,12.1,10.9,7.4
56466,10.4,3.1,8.7,10.4,7.7
46312,14.4,5.2,9.6,11.5,8.4
58643,15.5,4.6,17.1,12.9,7.7
37755,19.9,5.4,19.2,14.5,10.4
32715,22.6,5.0,19.2,16.0,11.8
62242,13.1,4.3,7.6,10.5,7.1
56408,14.5,4.3,14.7,12.0,7.3
59983,9.2,3.3,9.7,10.7,8.0
26936,40.5,9.0,29.8,20.6,11.4
88709,6.7,3.5,5.8,9.0,6.3
51586,20.5,8.0,26.2,12.3,6.6
61667,9.9,3.4,9.9,10.7,7.5
60862,18.9,4.2,18.4,11.6,6.3
51769,12.5,3.9,14.1,13.7,9.1
44271,15.0,2.8,6.0,16.0,11.5
37429,20.3,5.0,27.7,16.9,9.7
43598,20.8,4.7,13.8,14.4,8.8
36869,25.4,5.3,14.5,17.1,10.3
71374,8.1,3.1,7.6,10.5,7.3
46026,13.4,4.7,13.5,15.0,11.2
80169,8.4,3.4,7.3,9.1,5.2
65969,8.7,2.7,5.9,10.2,7.7
44635,15.6,5.6,13.3,14.7,11.6
58255,18.8,7.7,26.3,11.5,6.0
44917,15.8,4.1,16.2,14.7,8.9
75534,7.1,2.9,7.0,11.5,7.0
54504,12.6,1.8,9.9,10.0,7.6
37562,25.7,5.9,19.3,17.0,8.4
68133,8.9,3.6,10.0,11.1,6.2
99087,6.3,3.0,5.6,7.2,5.2
67335,9.7,3.5,14.4,12.3,7.1
45943,13.8,3.6,11.1,14.8,10.6
55807,11.9,3.4,12.6,11.6,7.4
68900,7.5,3.5,1.6,9.6,7.3
41036,23.3,4.4,15.5,17.6,9.9
55174,12.3,3.9,7.4,11.1,8.0
40161,18.5,3.2,18.8,14.6,10.5
50861,16.7,2.6,6.7,12.2,9.6
76113,7.0,2.4,11.6,11.3,7.4
72970,7.5,4.1,9.6,12.9,5.8
58943,10.5,9.5,3.0,10.9,7.5
52611,16.7,3.4,8.9,11.0,5.8
45129,16.8,5.8,14.7,14.2,11.2
55303,9.9,2.8,8.4,11.1,8.1
65635,10.3,3.1,13.7,10.9,7.4
49561,14.5,4.0,7.4,11.2,8.4
59329,13.5,3.5,11.6,10.7,5.8
67087,14.4,4.2,4.1,8.2,5.5
48788,15.3,4.7,10.2,12.4,8.5
47073,18.4,4.1,8.7,10.8,7.4
38034,25.5,3.9,25.7,17.8,9.7
48566,11.0,2.7,4.8,13.1,9.4
45972,15.4,5.5,10.4,13.5,9.9
59813,9.9,3.2,9.2,10.6,8.0
77758,10.8,4.1,11.6,11.2,6.4
68162,9.5,3.7,10.1,9.9,7.2
82819,8.8,3.5,8.4,9.5,5.2
47424,17.6,6.2,10.9,13.5,9.5
49586,16.6,5.3,12.7,12.5,9.0
50605,10.9,3.5,9.4,12.5,8.4
37690,20.3,4.4,19.6,15.9,11.1
48860,15.6,4.3,13.2,13.0,9.8
56832,7.8,4.4,8.2,12.3,9.2
40308,17.7,3.9,14.5,13.7,10.3
36761,23.7,5.7,23.4,17.0,10.1
47084,18.4,4.8,20.9,15.2,7.3
50278,15.7,2.5,12.3,11.0,8.5
36471,20.0,3.7,21.2,16.9,11.1
53661,11.7,3.5,5.9,10.9,8.0
55881,14.4,3.4,6.4,9.7,6.5
67758,7.1,2.9,7.3,11.9,7.6
37360,17.7,3.3,13.2,16.3,11.5
44906,20.7,4.3,19.0,13.6,8.3
54325,11.4,3.9,9.7,13.7,10.2
100374,7.3,2.7,6.9,7.5,5.1
28925,39.1,6.5,27.2,16.0,10.5
79604,9.2,3.7,9.5,10.5,6.7
39578,18.8,4.8,19.1,17.4,12.0
38596,22.2,5.3,14.0,16.4,9.2
66226,8.1,3.4,5.1,10.9,7.8
50590,12.6,3.5,9.0,10.3,8.0
50949,13.3,3.5,10.0,12.1,8.1
57821,15.3,4.5,12.5,12.1,7.0
43722,17.4,6.7,19.4,15.6,10.8
62056,10.5,2.8,12.1,12.2,8.3
47554,13.7,4.7,11.3,13.4,8.3
62875,14.9,5.2,14.3,13.0,6.5
72111,8.7,2.8,14.8,11.7,7.2
45357,21.6,3.9,16.7,12.9,7.7
54096,14.8,4.4,11.4,12.9,8.2
43031,22.9,4.9,24.1,15.7,8.6
50247,14.3,3.2,12.5,12.8,8.0
51131,13.5,3.6,15.9,13.4,8.7
51835,12.8,3.6,15.0,12.6,8.2
44688,16.7,5.5,23.2,14.9,10.4
76255,12.0,2.8,10.9,8.6,5.1
46486,12.4,4.0,7.6,13.1,10.1
51255,14.9,3.0,15.3,13.1,9.7
57709,9.9,4.6,10.4,11.6,7.8
45607,17.6,4.4,11.8,13.8,10.4
44811,16.6,4.4,14.6,12.3,8.5
37812,22.1,2.8,24.3,18.7,11.7
55151,12.9,3.7,9.4,13.5,8.7
71961,8.8,4.0,7.2,10.6,6.2
45510,15.2,3.4,15.0,12.4,9.3
51848,9.3,2.6,8.0,13.8,10.4
54802,10.6,2.6,8.2,12.5,9.2
61735,12.2,3.6,11.8,13.6,8.7
48533,19.5,3.6,14.5,15.1,9.8
49845,10.5,2.8,24.7,12.9,7.3
47097,13.2,3.7,13.9,13.5,8.9
65416,11.9,3.6,12.7,12.4,7.2
39463,16.9,4.1,14.4,13.2,9.7
76235,9.0,2.8,11.2,11.0,8.3
52557,16.8,3.7,11.6,12.0,6.5
47319,12.3,2.9,10.7,11.6,7.8
56754,14.4,4.3,10.7,11.7,7.3
45156,14.7,4.8,11.3,12.6,9.4
53138,14.4,5.9,13.4,12.0,8.7
38441,23.2,4.7,18.4,16.2,8.9
40287,20.7,3.9,16.1,17.2,12.1
58261,11.4,3.0,15.0,13.0,10.0
63929,9.7,4.2,12.2,13.8,9.3
56557,13.8,4.7,9.5,11.7,8.7
38514,19.9,5.5,19.7,16.3,9.8
52346,16.9,3.3,12.8,12.2,7.7
67498,8.1,2.5,13.6,11.6,7.6
34024,33.6,4.1,16.9,18.4,12.1
37834,23.5,5.0,20.9,18.0,10.2
62889,10.0,3.3,9.6,12.4,8.2
100184,6.5,3.0,6.1,8.2,5.5
51712,9.6,3.1,9.1,12.5,8.5
63938,10.8,2.9,6.6,8.3,5.8
45641,15.9,3.6,10.2,13.1,9.4
40780,21.4,4.9,19.9,15.8,11.3
50149,14.8,4.1,13.7,14.9,9.1
59251,11.5,2.6,18.8,12.6,7.5
40557,17.0,6.0,13.5,15.5,11.3
51036,13.6,2.8,11.9,12.0,9.2
48708,20.5,4.4,18.7,15.5,9.1
51829,14.9,3.7,21.8,12.4,8.2
53806,11.0,4.1,8.4,11.9,8.3
37593,25.8,4.6,29.2,18.0,10.9
55766,10.8,2.6,22.2,12.0,7.7
50183,14.4,3.5,10.4,13.3,8.8
43478,19.1,4.7,13.4,15.1,8.7
58228,10.7,4.3,11.3,14.2,11.0
56535,11.0,2.6,9.1,10.4,7.7
44502,16.7,4.1,11.6,11.5,8.1
39439,16.6,4.7,14.4,15.2,12.1
60210,9.3,2.6,3.2,9.9,7.8
62343,11.9,2.9,8.0,9.9,6.5
36423,23.1,5.2,14.7,15.5,10.4
49773,13.1,3.2,8.0,11.7,8.9
69114,10.4,3.0,9.8,11.4,7.9
47906,13.4,3.0,8.8,12.2,8.9
47171,15.0,3.6,19.6,16.2,10.1
57256,8.6,2.6,9.3,9.9,7.2
40504,15.4,4.6,13.7,13.6,8.9
34796,24.8,4.1,24.3,14.9,10.8
50387,12.0,4.8,10.4,11.7,8.2
50999,12.3,5.3,11.3,11.5,8.0
52945,13.0,4.5,12.3,11.4,8.4
36042,21.1,5.9,20.1,19.5,11.3
77257,11.2,6.3,5.6,11.7,7.3
52086,11.9,3.0,8.8,12.4,9.0
87087,5.5,2.9,4.1,8.2,5.4
81002,9.9,2.7,12.0,10.1,6.2
35881,21.6,4.0,18.4,16.7,11.2
41556,15.2,5.2,11.9,15.0,13.0
51398,12.8,3.8,11.4,13.9,10.6
39574,20.5,5.4,17.9,19.0,10.0
68381,7.7,3.8,5.2,10.5,7.2
60744,11.0,3.7,12.6,11.8,7.8
101740,4.2,2.7,3.6,9.0,5.1
46964,10.8,3.5,11.6,12.2,9.2
64878,9.4,2.8,5.3,9.3,6.1
53111,13.8,3.1,15.0,13.0,8.8
55995,8.0,3.2,9.1,12.8,8.8
59673,13.2,4.4,11.8,14.7,6.9
44171,14.5,4.8,15.7,11.6,7.6
32613,24.4,5.2,19.2,20.5,11.7
59003,9.5,2.2,6.3,10.3,7.3
53632,20.2,7.0,28.1,12.7,7.2
50591,12.4,3.3,11.8,12.0,8.8
42742,19.0,2.5,25.0,11.8,9.0
57436,11.1,3.6,10.6,12.5,8.0
54362,10.4,4.6,11.4,12.3,8.5
50312,15.1,4.7,11.8,12.7,8.7
52486,12.0,4.5,16.0,12.1,8.4
39627,20.3,4.2,18.5,15.3,10.2
50805,13.4,4.7,10.7,12.5,8.5
49147,12.2,4.8,10.7,13.2,9.1
55737,14.5,3.7,12.6,14.4,8.2
42025,18.6,4.9,17.9,14.8,10.0
85550,7.0,3.0,5.6,7.3,5.1
62522,10.0,4.2,8.8,11.0,8.2
44424,17.6,5.8,19.6,17.3,10.4
39104,21.7,4.0,16.7,15.6,8.2
44773,18.7,3.4,16.4,14.9,10.4
38699,19.6,6.6,24.3,17.9,10.3
56188,10.3,3.5,7.5,11.0,7.3
42258,21.5,3.7,25.0,15.2,10.9
45163,20.5,6.5,19.0,14.7,9.8
82113,9.5,5.5,6.2,8.9,5.1
64524,9.2,3.3,8.2,12.1,8.8
38242,21.7,6.5,8.5,13.5,9.7
47689,14.5,2.5,11.3,11.6,9.1
55965,12.1,2.6,7.3,11.1,8.2
93462,6.1,2.6,7.8,9.9,6.3
41729,16.3,4.2,19.9,14.4,10.3
57494,9.2,4.2,7.5,9.7,6.9
60944,10.1,3.2,8.8,13.6,8.8
51649,11.5,3.2,10.5,13.9,8.9
51686,13.8,2.9,9.1,12.2,8.1
52651,16.6,4.7,22.7,13.2,8.6
42439,19.2,4.4,17.1,16.2,11.0
46300,15.7,3.3,19.0,15.5,9.3
86896,6.7,2.7,10.7,6.9,4.7
60801,10.8,3.4,13.3,12.3,8.7
58977,11.5,2.7,9.7,10.4,8.1
54917,9.9,4.0,6.4,11.0,8.2
42282,19.0,5.1,7.2,10.2,7.8
46411,18.1,4.6,12.4,15.9,10.2
55762,10.4,4.1,9.2,11.6,8.4
42494,19.5,5.0,14.9,13.9,8.9
40433,22.1,4.0,19.6,17.3,10.2
69919,9.7,2.3,7.5,9.7,6.0
39687,22.0,5.9,18.7,15.4,10.0
43302,16.2,4.2,18.4,18.1,11.0
62300,10.2,2.7,8.2,10.4,7.0
39309,16.6,2.8,12.0,13.5,9.9
50500,15.1,3.2,10.3,12.7,7.7
49385,18.4,4.6,13.3,13.9,8.9
73500,8.3,3.3,9.6,11.1,6.9
43074,19.5,3.5,13.4,15.7,11.0
58644,11.3,3.3,11.3,11.2,7.5
42904,16.4,3.8,20.0,14.6,9.5
59064,12.6,3.3,14.1,13.2,7.9
31118,25.7,5.5,26.9,18.0,12.9
34648,21.6,5.8,24.5,16.8,11.6
65953,9.6,3.5,7.5,11.0,6.9
56769,12.0,4.2,15.1,14.0,9.8
74019,7.2,3.0,1.7,8.3,6.0
46101,12.9,2.6,7.4,13.1,9.2
57612,11.0,3.5,8.0,13.1,9.1
48040,16.8,3.7,21.7,15.6,9.0
67986,14.2,4.7,21.3,12.0,5.5
46529,16.8,4.8,8.9,12.2,8.5
44517,15.1,4.3,12.7,16.3,11.2
41262,18.8,4.4,13.7,15.0,11.4
31557,25.2,4.3,21.5,18.4,11.6
37659,33.9,3.2,14.2,11.9,8.0
47252,14.6,2.1,10.6,12.4,8.4
42483,22.4,3.7,17.7,16.1,10.0
52568,9.8,2.3,6.3,10.9,8.8
52699,13.8,3.9,8.4,13.3,8.3
58356,10.9,3.2,9.4,13.5,9.5
31741,25.7,7.1,15.3,16.5,12.3
62175,10.3,8.4,8.8,12.2,8.8
61592,10.7,3.5,9.5,12.7,10.2
56818,12.1,2.8,22.1,12.5,7.7
57832,11.6,7.0,11.7,13.1,9.1
105532,7.6,2.3,7.0,9.5,5.3
57464,18.9,1.6,2.9,7.3,4.8
60059,13.8,2.5,13.3,10.7,6.9
33983,30.6,5.7,18.3,18.4,10.0
45355,20.0,4.5,12.9,13.1,8.0
50728,12.1,1.9,7.2,13.5,9.6
39048,25.9,5.4,16.9,17.2,9.3
51377,16.5,6.3,26.9,13.0,7.8
64053,8.2,3.2,6.8,10.1,7.7
50376,16.0,5.5,14.0,13.9,9.0
55013,13.0,5.2,8.8,12.4,8.0
45181,18.7,4.0,16.4,14.8,7.9
85899,7.3,3.6,10.2,12.1,7.8
96936,6.4,3.3,6.3,9.2,5.0
53884,16.2,5.4,12.1,11.5,7.5
49138,13.0,3.2,18.4,13.2,9.4
49070,13.0,3.4,19.0,13.9,9.8
38288,22.9,5.1,21.7,18.2,9.7
57701,10.0,3.8,9.3,12.5,8.5
51676,12.9,3.3,7.4,10.7,8.1
57197,10.5,4.6,9.7,11.9,8.1
46578,17.0,5.5,9.8,14.7,10.3
48814,18.7,3.8,20.8,15.1,9.5
44968,15.6,3.9,16.7,14.5,9.7
47477,17.8,3.4,13.5,13.2,8.0
41196,22.7,5.2,16.4,12.0,8.6
40546,19.7,4.0,21.2,16.1,10.1
44132,18.4,5.6,21.7,15.0,10.3
47075,11.8,2.5,8.8,12.6,9.2
49151,14.5,2.7,13.4,12.2,8.3
44259,13.1,3.2,11.4,13.1,9.4
55283,10.4,2.8,13.1,12.3,8.7
43650,14.2,2.5,4.6,10.9,8.1
55913,11.4,4.1,12.3,12.1,8.2
42164,20.3,3.2,32.7,22.0,12.0
48192,14.7,3.6,25.0,14.8,9.3
66219,9.2,3.0,5.0,7.8,5.7
37665,15.8,5.1,15.0,16.4,11.7
35156,24.6,4.2,19.8,18.6,12.2
56950,11.3,5.5,9.6,11.8,8.1
65831,9.1,2.8,10.1,11.0,7.6
44902,14.6,4.5,15.3,14.6,11.4
116719,5.2,3.0,4.5,9.2,4.9
34113,27.3,5.8,25.3,16.0,10.0
46495,16.0,4.2,22.6,14.4,9.9
67372,9.4,4.2,6.5,10.2,7.2
56456,10.6,5.6,8.5,12.8,10.1
43491,18.0,4.7,18.8,15.1,9.9
50646,13.1,3.5,8.7,13.1,9.0
48726,23.8,4.7,10.0,8.2,5.7
40064,19.4,5.5,16.2,15.7,11.3
66383,10.4,1.6,9.9,11.1,7.6
35983,25.1,8.4,24.3,17.8,13.1
43827,16.8,3.0,25.8,15.1,10.5
73584,6.8,3.5,9.0,9.3,4.6
41295,14.5,2.6,8.8,13.7,10.7
62930,8.5,3.9,6.6,10.2,7.1
53853,9.5,3.9,9.3,13.3,8.9
62204,12.8,3.0,11.2,12.4,6.2
49122,11.8,2.5,9.4,12.6,9.2
55603,7.8,3.2,4.2,11.3,8.1
79979,10.9,3.7,12.0,11.3,6.1
59304,12.3,3.5,17.0,13.8,7.7
42154,19.7,7.1,20.8,15.6,10.6
52320,16.3,2.8,8.7,9.6,6.6
52798,14.2,3.9,15.3,12.4,8.0
58587,9.8,2.7,7.2,10.7,7.8
46447,16.6,4.1,12.0,16.1,11.1
51188,17.2,12.6,8.5,14.8,9.7
51497,11.2,2.7,9.5,11.4,8.3
38121,21.9,6.0,18.4,17.9,9.4
47339,19.1,4.9,11.8,13.7,8.3
63631,11.5,4.7,13.9,10.7,6.1
54609,9.0,2.9,8.7,11.0,8.5
41770,13.9,5.0,9.0,14.2,10.3
44286,17.8,7.3,17.2,15.3,10.5
45408,19.9,3.8,10.8,11.8,7.6
47662,15.9,3.9,19.3,12.2,8.2
66901,10.6,3.6,13.0,12.1,7.4
48707,14.0,4.2,12.6,13.2,8.6
41267,22.6,6.8,15.2,14.7,10.0
42905,18.2,4.8,16.5,16.2,11.4
40397,20.4,4.5,18.7,15.2,10.5
37738,22.4,7.0,47.6,23.8,13.5
51771,17.9,5.5,11.1,13.0,7.7
57978,12.7,3.6,13.5,13.5,7.9
53921,12.8,4.5,14.8,14.6,9.9
47074,14.2,4.7,30.6,14.0,8.2
62097,8.6,2.7,8.0,9.1,6.1
98247,5.0,2.8,3.3,8.1,5.8
45161,14.1,3.9,10.6,14.1,9.3
53387,11.6,2.7,13.1,10.6,7.5
53161,18.1,4.5,8.6,11.0,7.4
55159,12.1,2.7,12.4,11.2,8.9
54763,15.4,4.0,8.8,13.3,6.6
39130,27.3,4.7,9.5,10.4,5.9
37828,18.7,5.5,14.9,14.9,11.4
43591,23.5,3.9,25.9,16.3,9.3
50473,13.4,3.6,13.2,13.6,7.0
52270,14.5,3.5,13.5,14.6,8.0
41869,17.9,4.5,17.4,14.9,9.6
32341,43.9,5.1,15.9,18.3,10.6
48409,17.2,3.5,14.3,12.2,6.6
38572,19.0,6.4,13.3,15.6,11.4
50377,17.6,3.1,14.2,11.0,6.4
70626,12.7,2.9,9.1,9.6,6.3
58891,8.3,5.9,6.2,10.9,8.6
43435,15.4,6.1,11.2,13.8,10.1
44571,16.0,4.0,12.0,14.0,8.9
41382,19.3,3.7,16.1,17.0,10.6
38886,24.4,5.0,20.9,17.5,9.7
44725,19.0,4.0,17.3,14.3,10.4
63073,14.3,3.9,9.5,11.2,7.3
61995,10.0,4.9,7.3,12.6,8.7
84093,5.7,4.3,9.5,11.7,7.9
36044,22.3,6.9,17.0,17.8,13.5
42785,22.0,6.0,20.8,17.5,8.9
43894,16.1,4.3,11.8,15.7,10.8
48950,14.7,5.6,10.2,15.3,9.7
46949,14.7,4.1,11.7,14.4,10.0
39412,21.8,4.2,21.9,15.5,9.9
48799,10.9,4.3,8.7,11.1,8.0
58022,9.7,3.5,12.3,12.9,8.3
44681,16.4,4.9,18.9,15.9,9.3
47685,16.1,4.3,9.1,12.0,5.5
55893,12.7,5.8,5.3,12.1,9.4
29521,33.4,7.4,28.4,19.7,13.6
38879,21.3,4.9,20.3,14.4,10.0
39198,21.8,5.9,21.6,16.6,9.3
58035,13.3,3.8,13.6,13.1,8.4
62937,14.6,2.7,9.9,9.4,5.6
34035,31.4,6.5,19.3,21.1,10.6
45163,14.7,5.2,8.7,12.8,8.8
70162,6.3,1.8,9.2,8.7,6.1
41834,22.1,5.7,18.3,14.3,8.2
44837,18.7,7.0,16.0,17.2,12.6
43303,23.2,4.2,10.6,11.7,6.6
55245,11.9,2.9,18.1,11.1,8.4
55190,11.9,4.2,10.4,11.3,8.2
41009,16.2,4.2,1.2,11.3,8.6
46064,21.8,4.0,16.8,14.1,8.6
58693,9.9,3.6,12.9,12.3,8.3
46195,17.3,3.7,13.3,14.3,9.2
46878,14.4,3.1,7.1,9.8,7.4
66006,10.6,3.1,12.5,12.4,7.8
53359,11.7,3.1,12.3,12.0,8.9
69600,8.5,2.6,8.1,10.0,6.3
44946,14.0,3.6,19.1,13.3,9.5
83330,9.7,2.0,28.9,13.0,8.2
47101,16.2,5.2,13.6,15.2,10.2
45138,19.9,3.9,13.0,14.5,8.8
53187,12.5,3.8,11.5,13.5,8.8
58170,8.8,2.1,8.8,10.4,7.0
50826,12.1,3.6,16.5,13.5,9.5
59114,10.8,4.8,8.8,10.4,7.3
43766,22.9,4.2,13.1,11.1,6.2
57549,9.1,2.8,11.4,12.5,9.1
57280,9.9,3.2,16.5,13.7,8.5
47949,18.0,3.7,15.4,14.9,7.8
51066,11.2,2.6,7.3,13.0,8.8
80734,7.6,2.9,7.9,11.2,6.0
56885,13.8,4.3,9.3,11.8,8.2
122933,6.6,2.4,6.8,9.2,6.1
40686,20.4,4.1,18.6,16.2,9.3
49055,13.8,4.6,15.6,14.8,9.4
39444,25.9,5.0,19.8,17.3,9.0
25973,45.7,5.9,20.4,18.1,10.9
51594,13.6,2.7,12.2,11.6,6.9
41583,17.6,3.1,12.8,13.6,9.9
42233,18.2,5.4,15.5,16.9,11.2
29124,37.3,5.8,22.3,21.2,10.2
42099,19.7,3.6,19.5,16.5,9.0
55136,16.8,2.3,5.8,8.4,5.4
36850,24.6,5.7,22.7,17.4,10.5
64344,11.7,5.6,8.6,11.8,8.2
60450,10.1,2.4,13.0,13.8,9.4
43569,20.3,5.0,16.7,18.2,10.4
51788,10.4,3.6,9.6,11.5,8.4
45596,14.5,4.1,14.2,12.3,9.3
50480,13.5,3.7,14.5,12.9,8.2
46281,14.9,6.1,7.7,12.3,9.1
36762,19.7,4.6,18.6,16.3,12.2
57548,10.8,3.3,9.6,11.8,9.1
68236,7.6,4.4,5.2,13.1,9.6
40191,16.6,3.6,17.8,13.0,9.2
56493,10.7,2.8,6.0,11.6,8.0
59367,9.9,2.1,9.4,12.6,8.8
49242,14.9,3.5,11.4,12.2,8.2
51740,14.6,3.3,15.5,13.8,8.0
51241,15.4,3.5,21.4,15.9,9.5
38777,21.4,4.4,13.4,14.3,8.7
42768,19.9,5.6,17.8,17.0,9.3
37550,18.4,3.1,17.9,14.6,10.7
48337,15.8,4.8,13.5,16.1,10.8
68126,9.0,3.8,10.3,11.7,6.4
36571,21.7,3.5,28.6,15.5,10.8
86108,6.4,4.0,9.1,9.7,5.6
48120,20.7,6.7,26.4,16.0,9.8
43245,15.8,3.9,17.8,15.1,11.2
60828,9.4,3.3,42.4,11.8,8.6
41806,26.7,5.1,26.3,14.3,7.6
60512,12.6,4.1,12.0,13.0,6.1
44154,20.4,5.1,14.5,15.6,10.3
44423,18.9,4.0,8.1,13.6,8.6
78192,7.1,2.3,4.3,8.9,5.9
40025,20.2,4.5,14.1,16.4,12.2
50093,10.8,3.4,8.3,12.8,9.6
47591,14.4,3.1,9.8,13.1,9.4
48937,19.0,3.6,9.5,11.2,6.3
31831,29.1,5.5,22.9,16.4,10.1
50644,14.7,3.5,9.2,11.8,7.5
71825,7.7,4.2,6.0,9.7,6.3
101744,9.0,3.0,12.0,9.4,4.7
43370,15.1,6.2,10.2,13.6,9.8
51083,12.1,4.9,7.6,12.8,9.9
46029,15.9,4.1,15.2,15.1,10.0
66270,7.9,3.4,15.1,11.1,7.3
55444,11.8,2.7,14.5,13.7,9.0
46596,16.6,2.7,13.0,11.4,7.6
52251,16.4,3.6,16.2,15.0,10.3
57438,9.6,2.3,6.8,10.3,7.0
43157,18.8,5.4,17.8,17.1,10.7
73037,11.2,4.2,10.5,10.3,6.1
53135,10.6,5.6,8.1,13.5,8.9
46365,17.3,5.5,17.0,14.2,7.8
51183,13.5,7.1,9.5,12.3,9.3
50981,10.3,2.6,10.1,13.4,9.0
56997,23.1,2.5,9.1,9.1,5.3
51204,15.7,5.2,8.8,11.9,8.0
43573,12.9,5.5,20.0,15.6,10.9
32728,35.1,19.9,22.3,18.2,10.6
59440,11.1,3.6,7.4,10.5,8.0
42431,13.9,3.0,5.4,12.7,9.7
32906,31.1,9.2,21.9,16.6,11.5
56556,13.4,5.7,11.7,12.7,8.2
42727,23.8,5.0,15.6,14.9,8.1
42376,19.7,3.9,13.1,14.3,10.0
50821,13.7,3.1,7.3,11.4,8.2
53700,13.3,5.6,8.1,13.0,9.5
43196,20.7,6.2,12.0,13.3,9.8
43659,18.0,4.7,12.1,15.7,10.4
54865,11.3,2.5,6.0,11.5,8.6
52282,11.8,2.9,12.7,12.5,9.0
67804,20.1,4.2,13.6,9.0,5.1
84946,10.7,2.4,25.4,11.9,6.4
50830,18.2,5.7,13.8,15.3,7.7
51804,13.0,2.2,17.5,11.7,7.3
50568,14.1,5.1,10.3,13.5,9.5
62689,7.3,3.0,6.8,9.9,6.1
36762,21.3,3.6,12.7,14.0,9.8
43681,26.1,4.2,14.9,12.3,7.2
49513,16.0,2.0,17.5,14.6,10.3
49957,16.7,3.5,9.6,12.8,7.6
45311,13.2,5.5,10.4,15.4,10.7
66607,10.9,3.3,18.9,11.0,7.0
40416,30.7,5.8,10.4,10.3,6.9
38249,22.8,3.9,19.3,16.7,11.1
46600,13.4,3.5,22.2,13.2,8.7
46764,16.8,4.4,18.4,15.1,9.6
50467,11.8,3.7,9.1,13.6,10.2
44152,15.8,4.5,17.8,15.3,9.9
53864,12.5,3.8,8.8,13.3,8.4
48017,17.1,5.3,11.5,13.5,8.8
44388,14.3,3.3,9.4,12.1,9.1
48799,15.0,5.2,10.2,12.6,8.9
49782,12.2,2.1,8.7,11.6,8.6
55365,12.3,4.1,11.1,13.3,8.5
39861,16.0,6.4,10.7,15.5,11.7
61929,11.2,2.4,6.8,8.7,6.3
48352,15.9,5.4,11.2,14.8,10.1
45767,13.1,2.8,11.6,12.1,8.5
46244,16.6,5.7,10.7,14.6,9.9
47547,17.3,3.6,17.8,15.2,9.4
47065,15.6,5.0,17.6,16.0,11.0
41906,12.5,3.2,8.8,14.2,10.0
54915,10.1,4.4,11.2,11.2,7.9
41455,15.2,4.6,20.9,14.5,10.2
49301,13.9,3.2,16.2,13.8,9.5
61631,13.2,3.2,21.6,12.6,7.6
62109,11.8,2.8,4.6,6.7,4.7
43767,17.5,5.9,15.3,11.5,7.9
54313,13.5,2.5,9.1,11.5,8.3
41390,24.7,4.5,14.3,16.4,7.9
40741,22.8,7.5,18.8,19.1,10.7
54213,12.5,4.8,6.1,11.9,7.5
64271,8.6,2.1,6.6,10.1,7.2
65984,9.0,3.0,7.0,9.9,7.7
40583,16.5,3.3,10.7,12.8,10.2
35460,24.1,7.1,20.0,16.9,12.0
59613,8.5,2.9,5.4,10.1,7.2
66005,10.8,4.3,15.1,9.7,7.0
37288,17.9,3.4,15.6,14.6,10.8
47020,15.0,5.4,10.9,13.5,9.8
50356,12.6,2.7,11.8,12.3,9.0
58925,9.9,4.2,7.9,11.7,7.8
54663,12.9,3.5,13.6,16.6,9.3
49788,16.4,4.1,19.9,13.8,8.5
100181,6.8,3.4,7.8,9.9,5.9
60367,11.2,3.4,13.6,12.7,7.5
60285,8.4,3.8,5.4,11.3,7.7
55733,14.5,3.6,10.5,13.4,7.1
56099,11.6,5.0,8.4,11.8,8.4
42878,14.6,4.3,11.5,15.1,11.6
46786,14.6,3.9,9.6,12.0,9.3
72277,7.4,2.6,6.0,8.7,6.4
35685,21.2,4.3,21.2,14.9,10.1
51715,15.2,2.2,10.8,9.9,7.4
51455,12.4,2.0,13.4,12.1,9.4
58033,9.3,3.6,7.4,11.6,7.3
60412,10.1,4.1,5.9,10.3,7.1
39254,23.5,4.1,17.6,15.5,10.5
60044,9.7,2.2,8.2,11.2,8.0
61794,8.4,5.0,10.1,11.2,7.8
44704,13.8,1.8,4.1,10.9,8.6
49560,12.7,3.1,11.8,15.7,11.0
58345,9.5,6.3,8.0,13.4,9.5
46764,19.5,3.1,24.0,13.5,7.9
48116,19.4,5.3,14.7,15.0,8.7
51327,10.6,4.9,10.0,12.7,9.4
83695,7.7,2.3,8.3,12.3,5.9
40199,17.3,3.5,17.1,15.3,10.1
53567,13.6,3.1,14.7,12.8,7.1
42725,20.4,4.3,25.8,17.3,10.8
53968,9.4,3.2,8.8,12.2,9.0
55434,11.5,2.7,26.8,13.2,8.5
48764,14.6,6.0,11.2,12.6,9.3
50396,14.3,4.2,12.1,12.2,8.9
57952,13.7,2.8,8.3,11.3,7.5
103536,4.1,3.4,3.3,9.4,5.6
52151,14.1,3.7,8.0,8.8,5.9
72400,8.7,4.8,6.0,9.8,6.3
74268,8.6,5.8,5.5,7.7,4.8
82808,7.9,3.9,12.0,11.0,5.7
46233,18.3,3.4,19.1,14.5,9.7
52165,12.1,4.4,8.8,13.2,8.4
56981,10.3,3.1,11.4,11.0,8.3
32355,30.2,5.8,21.8,19.2,12.2
35906,23.3,4.1,23.1,16.9,12.0
62366,9.8,3.7,12.5,11.5,7.8
65771,7.5,2.0,22.9,11.1,7.0
56169,21.2,8.3,30.6,12.8,6.6
53882,15.4,3.3,8.7,10.4,6.8
54376,11.7,4.9,8.9,11.3,8.4
47758,15.0,3.7,16.6,13.2,9.0
28080,43.0,4.8,27.0,18.8,11.2
51070,18.3,4.1,7.7,10.0,6.6
48689,12.5,4.6,7.0,13.1,9.5
49121,16.7,3.9,19.9,14.4,9.1
48104,12.4,2.7,9.3,13.1,9.3
41440,25.6,4.2,24.6,14.8,8.4
54016,19.3,4.2,16.8,18.0,11.3
49626,11.4,2.2,8.7,13.2,9.3
54019,12.3,3.7,14.0,16.0,12.1
28298,30.8,5.9,24.2,23.0,12.3
44261,19.1,3.4,15.4,13.1,9.0
87391,5.2,3.9,6.5,9.9,6.2
45336,16.2,3.6,12.5,11.8,8.4
47560,17.1,6.7,10.0,12.9,9.2
77571,6.7,3.8,8.8,10.1,6.8
50501,18.9,5.7,15.1,14.1,6.3
44243,16.7,4.0,8.9,12.0,9.3
39502,18.9,5.9,19.0,14.8,11.1
38537,23.9,2.9,23.1,15.2,10.1
45023,16.1,3.2,14.2,13.9,10.4
38806,29.5,5.1,17.5,17.0,8.0
56166,13.8,3.0,16.9,12.9,8.6
55387,12.2,2.9,19.9,9.7,6.9
47401,13.1,5.7,9.4,13.3,10.0
56837,12.8,4.2,6.3,13.1,8.8
53805,9.4,3.6,7.1,10.9,8.3
39237,20.8,4.3,10.9,15.0,9.4
60531,8.0,1.9,6.5,10.1,7.6
53253,12.1,2.0,11.9,9.9,7.4
46490,24.6,3.0,38.6,12.5,7.2
57676,10.3,4.0,4.4,10.8,8.4
82284,5.6,2.8,6.1,8.6,5.6
64121,8.5,3.4,7.3,10.6,7.9
46862,12.9,5.0,5.7,10.7,7.8
47202,13.9,3.5,16.1,14.2,9.5
41180,16.1,3.3,11.5,13.5,9.6
55865,11.1,1.8,8.6,12.1,9.2
52269,13.4,4.3,14.2,12.2,8.4
43162,20.9,4.6,13.1,15.7,10.4
46229,19.3,5.2,19.1,13.9,8.6
47132,18.4,4.2,18.6,16.0,11.1
65912,10.4,5.3,18.2,11.4,7.9
37390,21.1,5.5,16.9,15.9,11.1
33566,23.4,6.5,19.5,18.2,10.8
45051,15.8,4.4,25.9,14.7,8.4
112396,4.7,3.3,5.7,8.7,5.6
55384,13.0,3.1,22.9,13.4,8.9
65914,11.8,2.9,5.1,7.9,5.3
88384,7.3,3.2,7.5,9.0,5.1
58371,10.7,4.8,6.7,12.2,8.1
61162,11.1,2.9,12.2,11.3,6.7
60799,15.4,2.6,11.4,10.6,6.1
80428,7.0,3.4,10.2,10.4,6.2
44726,16.8,6.6,15.5,14.7,9.3
36788,29.3,5.4,25.3,17.4,9.1
49639,15.7,4.0,13.1,13.8,8.9
64190,8.6,2.7,7.7,11.2,8.0
59881,11.7,4.0,5.7,10.3,6.8
47343,19.2,4.1,12.5,14.0,7.1
49956,15.1,2.0,7.2,11.9,8.7
47360,11.6,3.2,8.1,12.4,9.6
41978,15.3,3.1,15.5,14.1,9.6
46986,12.5,2.6,11.5,13.0,9.6
53481,12.6,3.9,6.3,10.5,7.7
57208,9.1,2.3,7.9,11.0,7.8
56693,11.6,2.6,15.9,12.9,8.5
62191,11.0,4.0,10.3,11.7,7.6
53607,13.8,4.4,16.6,12.0,8.4
36230,26.7,6.5,17.7,18.4,9.4
59265,14.2,5.4,10.3,13.7,8.4
33199,28.1,4.6,21.3,18.6,9.3
55280,15.7,4.9,11.9,14.7,7.7
41700,22.6,4.3,19.1,10.9,6.8
49611,13.8,3.8,15.5,14.1,9.5
89513,8.5,5.4,12.7,11.3,6.7
57979,13.2,4.0,10.3,11.4,7.0
43096,22.5,4.0,10.7,12.1,7.6
74225,10.1,4.5,12.3,11.5,6.0
91028,5.2,2.6,6.9,9.8,6.5
50768,13.6,6.4,10.7,14.7,10.2
46054,15.5,7.4,11.9,15.6,11.3
81315,7.6,4.2,7.1,10.1,6.1
33393,37.2,4.3,25.7,19.3,10.0
35156,25.5,5.3,32.9,19.6,9.8
73971,8.8,4.8,7.7,9.6,6.1
47924,21.7,4.2,11.8,14.6,7.2
55343,15.4,4.3,24.7,13.7,8.9
42605,25.0,5.0,20.8,13.2,6.7
42571,18.6,5.4,21.5,15.4,10.7
53008,13.4,3.4,10.7,15.0,10.0
74421,8.4,3.2,12.2,8.0,5.5
69541,9.5,3.3,8.4,11.1,7.7
60695,8.9,3.3,1.4,10.8,7.1
42423,18.9,4.2,20.4,18.6,11.2
58384,9.0,5.3,8.6,11.2,8.3
60187,15.9,5.5,10.4,8.5,5.6
54292,13.0,4.1,9.4,11.1,6.0
41820,25.9,4.1,14.9,13.0,6.7
47634,12.8,2.6,8.5,14.0,9.6
47357,12.7,4.8,7.1,12.7,9.0
51354,15.7,4.1,15.2,13.7,9.3
40009,14.9,2.6,9.9,11.7,9.3
34849,30.0,4.0,22.8,16.5,9.6
52797,13.2,3.5,16.7,13.7,8.7
61987,10.1,3.8,23.1,12.7,6.7
102136,5.6,3.3,6.1,10.3,6.5
64536,11.3,3.7,7.3,9.7,6.3
54210,12.9,2.6,10.2,12.7,9.1
55776,13.3,2.8,15.8,15.0,10.2
50704,13.9,3.1,14.9,13.6,9.2
49482,13.7,3.5,7.6,11.4,8.6
46578,23.1,5.8,15.8,13.7,7.8
89964,8.0,3.8,10.2,10.8,6.2
61675,11.3,3.0,9.7,9.9,6.5
50616,13.9,5.4,7.7,12.1,8.4
59529,13.1,3.7,13.4,15.7,9.3
45955,14.2,3.8,13.3,12.7,9.0
42522,18.2,3.3,18.9,14.8,9.1
56598,14.8,4.5,14.2,14.1,6.8
44410,17.2,3.4,14.4,14.8,10.1
66937,7.4,3.0,7.9,10.6,7.8
54092,11.1,5.2,9.1,11.6,8.3
33991,32.6,7.1,21.5,19.6,9.7
55522,12.4,3.5,25.4,12.4,6.9
57705,15.8,4.8,17.2,10.2,6.7
48989,13.0,5.5,9.6,13.7,9.1
60044,9.5,3.6,11.0,11.6,7.2
40285,20.9,5.0,18.7,16.6,8.8
102858,5.1,3.2,7.9,9.6,5.8
61433,9.6,2.5,10.6,14.0,10.1
48121,18.7,6.3,16.0,14.3,7.8
37860,22.7,6.3,15.5,16.9,11.1
49073,13.9,4.2,18.6,13.6,9.8
50412,13.2,3.5,19.8,13.5,9.2
52496,10.3,3.1,7.8,11.8,9.5
61478,9.7,2.5,6.3,10.2,7.1
44290,17.7,5.7,21.7,18.8,13.0
40545,24.4,9.3,24.4,16.0,8.6
53903,16.8,6.2,14.7,15.7,8.5
46628,20.1,5.1,12.7,14.3,6.9
57674,17.0,5.3,12.9,12.6,8.4
58624,12.2,5.9,11.5,12.3,8.1
53369,14.0,2.5,4.8,13.3,9.9
45566,15.7,3.7,21.1,15.6,10.9
60608,6.5,2.5,5.3,9.8,6.8
53162,10.4,2.1,4.5,12.2,9.2
43785,22.1,6.1,18.2,14.5,9.8
49381,18.0,3.9,10.5,9.8,5.9
61808,10.8,2.6,6.6,8.8,6.6
54313,14.6,5.2,11.9,12.9,7.0
60187,12.2,4.1,11.1,11.5,7.1
30029,33.7,6.3,25.4,19.1,13.0
60896,8.4,2.8,11.6,12.9,8.4
74646,6.6,2.0,3.8,9.2,6.7
54473,13.5,3.2,10.7,12.4,7.2
57047,11.7,3.0,15.8,11.0,7.6
88481,4.3,3.5,4.0,9.1,6.5
57329,13.3,4.7,12.2,10.4,6.9
39882,25.7,3.8,20.8,15.8,9.5
46176,14.8,4.9,8.5,13.5,8.7
47487,17.1,2.7,4.7,8.6,6.3
45767,14.4,3.8,15.4,14.3,9.4
42307,21.6,3.8,22.6,15.0,10.6
41912,19.7,2.9,22.6,14.3,8.1
42701,20.3,4.9,16.5,11.8,7.5
43755,16.1,4.8,12.1,12.5,9.4
65831,8.1,2.9,8.5,9.2,6.6
54900,15.1,4.1,12.5,12.7,8.1
53360,13.6,3.8,15.0,12.9,8.3
57934,10.4,3.2,9.0,11.2,7.5
52891,13.4,3.1,11.9,11.6,8.7
41874,18.3,4.5,20.0,14.7,9.7
70036,9.5,2.7,6.8,11.2,7.7
73468,7.6,3.7,8.3,9.3,6.4
61614,10.9,2.8,26.5,12.9,7.0
76475,6.5,4.3,5.1,10.5,7.0
40945,18.6,3.4,11.8,13.6,9.6
49507,12.3,4.3,8.7,12.3,9.1
63633,7.4,2.9,7.8,10.4,7.5
62262,14.9,4.7,7.7,9.3,6.2
57757,11.8,4.8,10.4,11.6,8.3
66228,7.5,2.5,7.0,10.6,7.2
55013,16.1,3.7,10.3,13.5,7.6
52798,12.3,5.6,8.9,9.6,6.5
63067,10.1,2.6,9.1,11.8,7.1
84021,6.5,2.9,11.3,11.8,8.0
40484,25.2,5.4,21.8,14.1,9.3
64992,9.5,3.3,9.7,11.3,6.8
51491,13.2,3.6,14.9,12.7,8.6
49393,13.5,3.1,11.6,12.1,8.6
46818,11.2,2.5,7.2,12.4,8.4
42132,16.3,3.6,19.8,15.9,10.8
46378,19.5,2.9,4.1,7.4,5.1
48241,14.6,4.0,7.8,11.9,8.3
46426,16.3,3.9,11.4,14.3,10.5
50344,12.3,3.4,9.8,11.3,8.5
60579,11.5,2.9,11.5,10.4,7.3
37626,21.3,3.5,13.2,17.1,10.8
46653,17.9,4.4,18.9,14.5,9.1
47008,19.5,3.6,30.5,14.7,7.6
54491,10.6,4.7,6.4,12.0,9.1
54718,12.2,3.8,10.8,12.2,7.3
59942,10.2,3.6,16.9,13.2,8.3
52541,11.2,2.8,10.9,11.5,8.1
37206,23.5,4.1,17.9,16.2,9.0
58375,11.3,4.0,8.9,10.6,7.9
48222,15.2,4.1,11.3,12.8,8.8
56052,11.6,2.6,28.5,13.8,7.2
46645,13.4,9.7,9.8,15.1,11.4
53147,9.1,2.0,7.7,10.8,8.0
37574,25.1,5.9,20.8,16.3,9.1
46715,16.3,2.4,7.3,10.4,7.4
50427,14.7,3.6,15.7,13.2,8.6
57183,13.3,6.4,7.3,13.4,9.5
92310,7.9,4.0,9.8,11.2,5.2
48722,16.7,5.2,13.2,12.8,8.0
55122,13.8,3.9,13.8,14.1,8.2
63099,8.8,2.1,5.7,9.9,7.1
62251,8.6,3.7,11.8,12.7,8.3
64188,7.4,2.1,6.2,10.6,7.4
60728,12.1,4.0,9.1,12.9,6.5
53381,11.5,3.1,15.4,11.8,7.1
62958,14.2,2.8,8.5,11.0,5.9
95021,5.0,3.5,5.2,11.2,6.3
43096,14.5,4.1,18.1,16.0,9.8
52952,15.2,2.2,13.2,12.5,9.1
46835,14.0,4.4,12.3,14.4,9.1
31787,31.4,6.9,19.3,19.1,11.5
42455,21.6,3.3,17.9,11.2,7.8
71024,7.2,2.6,5.9,8.6,6.2
49750,15.0,7.2,10.2,13.3,9.8
122035,6.1,2.4,7.9,8.4,4.9
50553,11.9,2.3,5.4,13.0,9.0
56781,14.1,2.8,33.0,14.1,7.7
48020,18.3,5.9,11.5,15.3,10.4
37799,17.4,4.0,17.3,14.5,10.8
58203,11.9,3.1,12.1,11.7,7.8
51812,12.7,2.8,26.8,12.4,7.4
54980,13.8,4.1,12.9,14.0,7.4
45086,18.4,5.2,14.8,13.5,9.2
49995,12.0,2.1,7.1,11.5,8.5
70807,10.6,3.6,8.1,11.2,6.2
48372,13.8,3.7,18.6,13.3,9.1
51656,16.1,4.1,27.1,11.7,6.6
60378,10.2,2.6,6.3,10.9,7.5
54012,9.7,3.2,10.1,12.4,9.0
57002,11.4,2.5,8.9,10.2,7.7
41517,15.7,3.6,19.2,13.8,10.0
38409,24.9,5.7,20.6,12.8,6.9
45487,13.8,2.5,11.8,13.7,10.6
51393,14.4,3.6,7.2,9.7,6.1
51348,12.9,6.0,12.4,14.0,9.8
56651,11.9,3.2,11.3,10.8,7.3
52840,10.3,4.0,5.6,11.1,8.1
85876,5.4,2.7,6.4,9.5,5.6
90155,5.9,3.4,5.8,9.4,5.9
68743,17.5,3.0,14.5,8.7,5.0
43200,20.8,4.0,11.1,9.9,6.3
51317,12.5,3.2,8.9,11.5,8.3
37134,25.9,5.8,14.4,17.6,8.6
41511,22.0,5.2,13.8,17.2,8.5
108421,5.4,3.0,6.3,9.0,5.0
39934,17.5,5.1,6.7,13.9,10.7
36765,25.2,6.3,24.5,17.2,10.3
84048,5.0,3.3,4.6,8.9,6.9
34824,24.6,4.1,16.6,14.8,10.7
58448,14.5,3.5,10.3,8.8,5.0
37776,23.3,5.1,18.3,15.5,11.3
33976,32.3,7.1,24.6,18.4,9.9
47128,17.9,5.5,16.7,13.7,8.1
57200,12.6,3.4,11.2,13.1,7.3
48080,13.9,4.9,12.8,15.0,10.5
53811,11.4,2.7,10.7,12.0,8.7
38400,19.7,8.2,14.3,17.0,10.4
52651,11.2,6.3,9.1,12.6,9.4
41942,25.8,8.8,14.4,16.2,9.9
50368,12.5,3.3,9.1,10.3,7.3
72645,5.3,2.6,6.0,8.5,6.0
43119,14.1,2.8,12.9,13.5,10.2
55602,12.2,4.3,10.8,12.8,8.5
50050,15.1,3.2,5.0,12.9,9.1
54412,10.7,5.2,6.6,11.3,8.0
48826,15.1,4.3,12.3,14.8,10.1
54149,10.8,4.3,7.6,11.0,8.2
44774,13.6,3.0,8.7,14.7,10.5
56168,10.9,2.7,7.1,9.7,7.5
41929,19.7,4.1,17.5,15.4,10.8
53865,12.5,3.4,2.9,11.9,8.4
55247,9.9,4.5,10.8,12.3,9.0
64591,9.5,3.7,4.8,9.9,7.6
29362,31.3,6.3,30.5,18.8,13.8
45570,14.3,2.9,9.6,13.5,9.2
52047,14.8,3.1,13.8,12.8,8.5
44685,18.3,7.2,13.9,17.0,12.2
64799,8.9,2.8,6.4,11.3,7.8
46417,15.5,6.7,10.5,14.0,10.0
79173,7.3,4.4,3.9,8.4,5.5
54339,12.0,3.6,10.1,11.0,7.2
51579,14.1,3.0,14.9,13.1,8.8
42053,14.1,2.9,22.9,13.5,10.0
54282,9.7,2.4,5.8,11.5,8.5
49965,17.8,6.0,15.6,11.7,8.3
66992,10.5,3.0,6.7,10.4,6.8
64170,10.4,2.7,8.8,10.3,5.8
63338,10.2,5.1,9.6,11.7,7.8
40639,15.5,3.1,12.8,15.0,10.6
63248,12.4,2.4,25.9,13.8,8.3
48809,13.0,5.2,11.4,12.4,8.4
49498,17.5,4.1,20.4,15.5,9.6
49117,15.3,3.0,21.2,15.6,8.3
60572,11.7,4.0,10.4,11.7,8.5
78112,9.2,4.1,7.7,8.4,5.8
66898,10.4,3.2,8.6,11.6,8.4
41899,12.2,2.5,6.7,14.2,10.4
39388,19.2,3.7,23.2,14.8,9.7
35871,25.8,3.5,17.6,18.1,9.1
58766,10.3,3.9,11.4,12.2,8.7
43783,17.2,7.0,13.8,13.2,9.4
48998,14.3,5.0,10.3,13.8,10.0
43274,12.4,2.4,6.5,13.8,9.6
79358,5.7,2.7,4.8,8.0,4.9
48460,14.9,3.7,14.9,14.7,10.3
57506,12.5,3.1,6.4,8.5,6.1
48651,12.9,5.1,8.3,12.8,9.3
61375,8.7,2.6,16.5,11.2,7.6
38775,22.8,3.8,18.5,15.2,9.3
53947,11.8,5.3,11.5,12.2,8.3
46810,15.2,5.3,30.7,13.7,8.5
51305,10.1,3.0,8.7,11.7,8.7
54514,13.0,4.5,12.8,12.1,8.4
46915,14.6,3.5,10.6,15.4,10.9
40299,18.2,5.2,14.0,13.4,7.9
52576,11.6,3.7,11.2,10.9,8.5
38097,28.6,6.3,17.4,16.9,9.3
53788,12.6,3.8,11.0,12.8,9.4
47191,13.3,2.4,9.1,13.7,10.0
52560,11.7,3.5,8.4,11.3,8.2
71035,8.7,2.7,11.0,12.3,8.7
46930,13.6,6.0,11.0,13.9,10.7
54658,10.0,1.9,7.5,11.6,8.7
43584,18.0,5.7,14.4,15.3,9.9
63860,10.5,3.3,5.0,9.8,6.7
60733,10.2,3.4,7.7,10.7,7.9
57274,9.7,2.9,10.4,10.4,7.0
50381,14.6,5.8,11.4,13.3,9.2
67897,7.8,2.7,7.2,10.2,6.9
56312,9.4,2.2,7.4,11.6,8.7
51665,17.3,5.0,21.5,14.0,8.9
81925,6.6,2.9,5.4,10.3,7.5
53965,13.9,4.3,13.5,14.0,9.1
39079,20.0,4.0,13.3,17.4,9.9
51682,9.8,2.7,10.7,10.6,7.6
65238,8.8,3.9,10.6,11.2,7.2
122930,6.8,2.2,10.8,9.5,5.0
40415,14.6,3.8,18.0,18.0,13.4
37071,32.5,4.5,18.0,15.2,10.2
73864,8.5,3.1,11.4,11.9,6.5
73718,8.3,3.1,10.9,11.0,7.1
58641,9.0,3.2,8.4,11.6,8.2
65013,12.0,3.5,9.8,9.5,6.4
56698,11.2,2.4,7.4,11.4,8.6
55202,11.1,5.9,11.8,12.4,8.8
69458,8.6,3.5,5.0,7.2,5.1
34134,22.6,5.1,16.9,13.5,9.7
33257,35.6,5.2,19.4,17.3,9.9
87096,7.5,3.8,7.8,9.7,5.4
54165,10.6,3.8,6.6,11.5,8.7
38405,21.4,6.5,10.9,15.2,9.0
52269,18.1,3.2,8.3,9.5,5.4
48858,18.9,3.6,15.7,12.5,7.4
45427,14.3,5.3,10.1,12.0,8.7
70420,6.8,2.8,7.4,8.8,6.4
56803,10.1,3.0,6.8,11.1,7.6
37731,27.4,5.7,24.2,15.7,9.9
40828,21.6,4.6,20.3,16.4,10.4
57441,11.7,3.0,9.1,12.2,7.7
41960,17.6,4.3,25.8,17.0,12.1
32597,24.1,4.3,24.1,19.9,13.2
45221,12.8,2.6,6.3,11.5,8.7
63839,9.1,3.9,6.8,10.1,6.2
61053,12.4,4.1,9.7,11.0,6.9
86317,5.5,2.8,5.6,9.9,5.9
49436,9.2,5.0,10.5,13.1,8.8
74872,9.0,4.0,6.6,10.4,7.4
61221,8.4,3.6,6.0,11.3,8.4
55518,12.0,2.8,13.4,13.5,8.4
47815,14.1,4.8,11.3,12.5,9.1
73309,7.8,3.4,9.9,10.4,5.7
50122,14.2,5.1,14.6,15.0,8.5
59020,9.1,6.8,17.4,14.4,10.2
56207,12.7,3.3,4.5,8.2,5.8
35527,22.8,5.2,18.3,17.9,11.6
45680,19.6,4.0,18.2,14.2,8.0
37563,19.8,4.7,21.5,16.0,11.5
62238,10.6,3.3,11.7,10.8,7.3
51386,17.5,3.9,13.1,12.7,8.2
74240,10.4,2.1,5.9,7.5,5.0
44475,16.5,3.8,11.0,14.0,9.0
75421,8.5,3.2,5.2,8.0,5.8
47674,13.8,3.1,4.6,10.1,7.6
89584,8.0,3.6,5.4,7.9,5.7
42205,19.7,4.2,19.5,16.7,10.4
80231,7.7,3.5,9.9,9.1,6.6
89331,6.7,3.0,9.1,11.6,7.5
48039,14.7,3.5,13.7,13.1,9.6
38110,22.5,6.1,20.3,17.9,12.1
41381,16.8,2.7,13.8,15.1,11.1
68984,8.7,3.0,16.3,11.1,6.9
51292,11.4,5.2,7.9,11.9,9.2
48589,13.4,9.2,9.4,14.0,10.8
36083,26.5,4.4,16.9,15.7,9.3
51962,10.7,3.5,16.6,11.9,8.3
42640,28.0,3.5,15.9,8.5,5.2
40133,22.8,6.3,18.7,15.9,10.0
60309,10.2,4.4,9.2,11.5,8.3
53621,13.9,2.6,21.3,14.2,7.7
40486,16.4,5.3,14.2,15.8,12.1
55864,13.0,3.7,9.7,11.7,6.7
30239,29.8,7.7,20.2,23.9,13.4
47205,18.7,3.8,14.6,13.6,9.6
41630,19.3,4.3,19.0,16.6,9.8
58465,11.8,2.6,12.4,10.5,7.0
39702,20.8,4.1,17.3,15.1,10.9
45261,15.5,3.3,14.1,15.0,9.9
56330,10.5,3.0,5.5,12.5,7.9
49208,18.4,3.1,19.0,15.5,9.5
49640,20.1,4.0,14.4,15.9,8.1
35087,20.4,4.6,13.7,16.5,10.8
36667,25.5,7.2,24.9,16.4,11.8
110601,10.1,2.4,11.5,8.8,4.6
52095,15.7,4.4,11.7,14.7,8.6
41214,18.0,4.2,17.2,15.2,9.9
46326,15.1,2.6,14.8,11.6,8.4
56645,10.6,3.2,8.7,10.7,8.0
54583,15.5,4.1,17.2,14.5,9.7
61314,10.1,3.5,9.3,11.1,7.8
42153,14.3,3.7,66.3,19.8,10.7
46525,24.0,5.1,16.0,14.8,7.8
56432,11.3,4.9,15.1,14.1,9.9
34047,26.9,5.8,17.1,19.1,11.5
38216,23.2,5.0,20.8,18.4,9.7
35841,24.6,3.4,23.4,18.1,10.6
53031,9.2,3.5,4.7,11.2,8.3
62270,8.7,1.9,9.8,10.9,8.2
62835,8.8,3.3,8.9,11.9,7.5
54332,13.8,3.7,14.2,14.0,9.1
45234,20.2,3.7,17.1,14.2,7.6
57328,14.0,2.8,7.7,9.1,6.9
39048,20.0,4.2,15.4,15.6,12.0
41541,19.5,5.1,18.1,16.1,10.9
35701,25.3,5.5,25.3,17.6,12.4
53326,12.5,4.9,8.6,12.1,9.4
43330,20.5,5.8,12.0,13.7,10.1
85380,5.3,3.1,4.9,8.1,4.9
43714,18.8,4.9,15.5,15.5,9.4
52355,10.5,3.2,7.2,11.8,7.8
52277,11.5,3.9,12.7,12.6,8.8
45889,20.2,4.4,22.1,15.2,9.2
49991,14.5,3.3,11.4,13.6,8.5
48082,17.6,4.9,18.4,13.8,8.5
51105,13.8,3.7,20.6,14.6,9.0
49494,15.9,3.4,13.7,13.3,8.9
38040,23.9,4.0,22.6,15.2,11.1
43263,22.8,3.8,13.1,13.4,6.9
75955,6.1,3.0,5.2,8.5,5.8
47623,15.6,4.1,22.2,15.4,10.4
84610,15.6,3.7,13.0,8.7,5.4
53389,11.0,3.2,9.4,12.2,8.3
48758,13.2,4.5,9.7,11.8,9.9
51962,13.8,2.8,9.3,10.6,7.2
51559,14.1,2.0,22.4,13.0,7.7
51071,16.9,4.5,9.9,13.5,8.4
29380,35.9,6.8,21.3,20.0,10.2
73703,9.3,3.3,11.8,12.8,8.7
89373,10.5,2.9,14.9,10.1,5.5
49522,17.0,3.9,11.9,14.6,8.6
56338,9.7,3.2,6.5,10.9,8.0
57284,12.0,3.5,15.2,13.0,8.3
47840,14.7,3.8,8.4,10.9,8.1
52148,11.6,3.8,5.9,11.0,8.6
47892,18.0,5.0,14.0,13.0,6.7
57459,8.2,2.7,8.0,10.8,7.8
48010,16.5,5.9,9.1,14.9,9.4
46355,18.2,4.8,13.5,13.9,7.9
33534,30.0,5.1,24.1,18.7,9.7
67597,7.6,2.4,5.1,10.0,7.2
44389,18.1,3.8,16.3,13.5,8.6
29631,36.3,9.2,22.6,20.1,9.7
53286,11.1,1.8,9.9,10.6,7.8
57332,12.0,2.7,17.8,13.3,8.8
44832,18.7,4.1,19.4,17.0,10.7
65323,9.6,2.9,8.4,9.9,6.8
47529,13.3,3.0,7.4,13.7,8.7
29515,24.3,5.5,20.1,14.3,7.6
60773,9.7,3.7,7.4,10.2,7.4
58042,11.5,5.0,9.8,11.0,8.0
45512,18.1,4.4,13.5,16.4,10.2
51249,14.4,3.1,16.9,14.4,9.8
43527,18.9,4.9,22.0,13.3,8.0
38680,20.1,4.0,24.4,16.9,12.1
39443,21.6,4.8,24.5,15.8,11.1
64245,9.2,3.7,9.4,12.1,8.8
68162,9.2,2.8,6.7,12.4,7.8
48725,14.6,2.1,15.8,13.9,9.5
49403,18.2,11.6,14.5,14.5,8.6
52318,21.3,7.5,24.7,12.0,6.7
69048,6.9,1.5,9.4,10.0,7.1
50374,15.5,6.1,14.1,13.7,10.1
46017,15.0,5.0,19.8,15.1,9.6
48614,16.5,4.0,15.0,15.2,10.1
46967,17.2,5.0,17.6,16.9,9.9
54814,12.3,2.9,8.2,11.9,8.2
63160,7.7,2.6,7.5,9.6,7.1
61022,9.5,4.1,12.0,12.8,8.4
44391,24.0,6.1,34.3,16.6,9.6
48342,12.6,2.0,11.5,10.2,7.8
50587,12.1,2.0,30.8,12.7,7.3
60908,10.0,3.6,11.3,13.3,8.6
41425,20.6,5.1,18.9,15.7,10.4
47314,13.9,4.9,12.1,11.9,8.6
36976,29.1,5.3,19.9,18.0,10.8
28542,37.0,8.4,28.8,22.8,11.5
42513,21.5,4.0,13.7,17.9,10.3
49730,12.2,3.1,11.8,13.9,9.0
52814,12.3,4.3,11.1,16.0,10.9
44100,20.1,4.7,25.7,14.3,9.3
47648,15.1,4.7,14.8,13.2,9.4
54795,11.9,3.9,10.1,11.1,8.5
40682,26.5,5.7,8.8,17.5,10.6
48070,13.5,5.5,11.6,16.0,11.5
71959,13.6,5.1,16.6,12.3,6.8
55970,13.9,2.4,4.2,8.4,6.2
39046,20.9,3.3,23.9,17.2,9.5
35290,27.8,6.6,23.4,19.6,10.2
44776,19.4,4.6,13.0,15.0,7.3
30144,31.4,7.7,30.1,19.2,13.9
46527,14.4,4.4,14.0,15.9,11.9
48451,14.7,4.6,11.7,14.4,9.9
56862,12.0,3.8,7.8,10.4,7.7
59800,11.9,2.2,14.0,12.9,8.0
43776,14.8,3.0,15.9,12.8,8.6
42700,20.0,4.4,25.9,17.1,10.1
67135,12.9,4.6,11.6,12.0,6.6
46706,15.4,5.0,13.1,13.0,8.9
43436,18.3,3.2,23.9,16.2,9.7
51388,13.0,5.1,12.6,13.1,8.9
44467,16.2,4.6,3.7,11.2,8.1
48342,13.7,6.1,8.8,15.0,10.5
32228,32.1,6.9,26.9,18.8,12.6
61341,10.2,3.5,7.6,9.0,6.0
40866,14.4,3.4,10.7,14.3,10.6
42606,19.2,4.3,17.6,15.8,8.7
40179,25.4,4.6,13.2,14.9,8.8
39254,30.4,3.7,10.0,7.8,5.2
53050,14.3,2.7,10.0,11.6,8.8
81850,6.5,3.2,5.5,7.7,5.1
54292,12.7,4.7,10.1,11.3,8.0
47982,16.1,3.5,11.6,11.0,7.0
33143,26.5,5.3,18.5,16.7,7.7
48323,17.3,4.6,13.3,13.6,7.8
43226,22.2,4.7,18.9,15.7,10.0
50750,11.3,4.8,9.2,10.7,6.8
50525,12.5,3.1,7.4,10.4,7.4
36408,27.2,5.1,20.7,17.0,10.8
51210,11.0,2.4,10.2,11.8,8.9
60163,10.5,5.2,9.6,14.0,9.9
65818,10.5,4.3,11.0,10.9,6.4
40987,26.6,3.6,37.9,15.0,8.9
36298,32.8,5.8,13.5,15.5,9.2
61118,9.6,4.2,10.6,12.3,8.2
34090,24.6,5.1,28.8,22.1,11.7
50180,16.3,4.7,10.5,11.4,8.2
93345,4.2,3.5,7.9,8.4,4.8
66319,8.5,5.2,7.7,11.4,8.2
52308,13.3,6.0,6.7,13.3,9.5
61174,11.6,2.6,9.4,10.3,7.3
58806,10.1,4.0,5.9,12.6,9.6
54465,9.6,3.5,3.4,11.8,8.3
45174,19.6,4.7,20.2,16.4,9.2
47056,23.4,3.9,8.4,9.3,6.7
59528,11.3,3.3,7.5,9.8,7.3
33703,23.3,4.8,24.7,16.6,12.1
65163,9.0,2.1,7.2,9.7,6.7
43083,14.5,3.6,8.4,14.8,9.8
58096,8.7,2.6,7.8,11.4,8.4
49068,15.6,3.0,7.2,11.1,9.1
41968,15.8,4.2,19.7,15.1,10.7
68432,11.6,3.6,18.5,13.3,6.2
53377,12.1,4.4,13.9,14.9,9.7
52510,11.4,3.1,8.1,11.3,7.8
63636,10.4,3.6,11.7,9.8,6.9
52683,10.2,2.1,22.2,11.5,7.5
38187,22.7,6.3,22.5,19.9,11.3
88475,6.9,2.7,9.8,10.5,7.0
54342,9.4,4.0,17.0,12.8,8.9
51939,10.4,2.6,6.9,10.8,7.8
35069,26.3,5.8,25.5,15.4,9.1
42689,21.0,3.2,23.9,13.8,9.9
55940,9.4,3.5,9.7,10.4,6.5
47097,11.8,3.0,10.2,12.4,8.9
93645,5.3,2.8,5.2,9.4,6.4
120950,6.3,2.0,5.9,6.8,3.8
57052,12.1,2.7,23.5,13.1,8.0
41186,21.1,3.7,22.5,16.1,10.7
58738,13.3,3.1,6.2,10.3,7.4
48024,14.5,3.7,14.6,14.5,9.6
52226,11.7,3.3,8.9,12.5,9.3
56528,11.7,3.0,8.7,11.0,7.9
46950,17.4,5.3,14.0,14.5,10.0
57367,9.8,2.6,5.2,10.3,7.4
39579,19.2,3.5,7.9,16.5,12.5
51525,11.3,3.3,14.0,13.0,8.2
43483,17.4,4.1,20.7,14.9,9.4
36317,21.2,4.4,24.3,16.3,11.5
51514,11.4,2.3,4.3,12.9,8.9
42116,18.2,4.8,17.8,16.2,9.1
69562,11.6,3.7,8.5,11.2,5.8
40965,21.6,4.4,20.1,15.6,9.3
49487,10.8,4.3,14.2,14.8,10.4
39764,21.0,6.6,18.7,16.3,9.6
53780,10.7,2.9,6.2,12.1,8.3
65060,6.8,2.5,5.8,9.8,7.3
59032,11.3,3.0,6.7,8.6,6.2
53559,17.3,6.3,20.5,14.3,7.8
52919,12.0,3.1,11.6,11.4,8.2
43911,15.6,4.0,14.9,14.9,9.6
28024,35.5,13.3,25.2,24.0,11.8
44622,20.1,5.4,19.7,13.1,8.3
44804,14.1,3.4,16.1,15.2,10.8
56343,12.1,3.4,12.0,13.0,10.1
44821,16.3,4.7,19.3,17.1,10.0
68043,8.1,3.3,8.4,9.9,6.9
40650,18.2,8.6,13.2,15.9,12.6
42588,17.9,5.5,18.3,16.1,10.0
53207,11.6,2.5,10.9,12.2,9.0
63310,14.9,4.0,20.5,12.8,5.8
51402,14.9,5.3,9.6,12.6,9.1
60383,15.5,3.8,9.0,11.3,6.0
43819,16.5,2.6,9.6,13.8,9.8
37278,29.1,4.6,24.8,18.6,9.8
55766,11.5,3.2,15.2,13.2,8.4
55679,12.6,3.7,13.6,10.2,7.0
47117,15.1,3.2,13.4,12.6,8.3
86695,7.5,3.0,9.8,10.6,6.2
57251,10.3,1.9,10.7,10.0,7.6
65273,10.0,2.5,20.2,13.8,7.1
37002,32.9,4.1,16.0,18.2,10.4
49019,13.7,5.3,10.9,12.4,8.3
71084,11.1,3.9,8.4,10.4,6.8
55345,9.9,2.6,4.9,11.0,7.1
57196,13.0,3.4,10.8,12.9,7.8
41807,16.0,4.2,8.8,14.0,9.0
52573,12.8,4.0,10.8,13.2,9.3
47600,15.5,3.9,11.4,14.9,10.8
56724,10.6,2.6,3.2,12.6,9.1
58320,15.7,3.3,15.5,12.2,6.7
75740,9.4,3.7,8.2,10.8,5.8
93751,6.5,3.3,7.9,10.4,6.7
71959,12.1,4.6,11.8,12.7,6.7
53809,10.1,3.6,9.0,12.6,7.7
83210,6.3,3.5,5.9,9.4,6.6
42618,17.2,4.4,16.0,16.8,10.5
36862,25.3,5.0,18.4,16.5,10.3
56738,8.4,2.7,6.5,10.5,7.6
56337,11.8,2.3,10.5,10.5,7.3
48794,16.6,3.4,15.1,10.9,7.1
44040,17.1,3.8,18.7,14.5,9.8
59838,14.2,3.7,21.3,11.6,6.3
71789,10.8,2.2,4.4,6.9,4.9
62782,7.6,2.8,8.3,12.0,8.2
47087,18.1,3.1,13.9,10.5,6.9
47624,16.1,4.0,14.5,13.9,8.9
35308,23.0,5.0,18.6,18.4,12.4
38131,22.4,4.8,18.9,17.6,9.3
35047,25.2,5.2,24.5,15.3,11.3
53795,16.1,5.7,12.3,11.9,7.8
36573,25.6,6.2,21.1,15.4,10.5
65439,12.4,7.7,7.2,10.7,7.4
40842,20.8,5.7,23.6,15.7,10.5
48308,17.2,4.9,10.6,11.5,7.2
46512,15.0,3.9,12.6,13.9,9.8
51487,12.4,3.5,11.7,13.2,8.7
64768,8.3,5.1,6.7,11.2,8.0
105921,5.0,3.1,7.2,8.9,5.1
39756,19.5,2.9,16.1,14.7,10.5
50006,17.9,5.2,10.7,13.3,8.1
64863,11.4,3.5,15.7,13.1,7.8
50671,15.1,3.3,31.8,13.5,6.8
59922,7.9,3.9,9.8,11.7,8.1
49685,12.6,2.6,11.4,12.4,9.1
58335,9.2,4.1,6.9,9.9,7.0
48489,21.2,3.5,10.5,9.6,6.9
53688,12.7,6.2,23.9,11.2,7.2
48275,15.0,3.0,7.5,11.9,8.5
50464,13.8,3.4,20.6,12.7,7.9
32868,30.5,6.2,27.2,19.4,9.6
71888,8.2,2.4,8.2,8.7,6.3
38664,26.5,5.5,20.1,17.3,9.2
39545,23.5,4.0,19.3,15.6,10.1
52401,13.8,3.6,13.8,11.0,7.6
44911,14.2,5.5,11.5,14.9,10.8
33437,27.5,7.4,16.7,19.2,10.6
63261,9.3,2.4,6.9,11.5,8.3
53908,15.2,4.9,9.2,11.2,7.7
54552,10.2,4.9,10.7,11.2,8.3
53833,14.7,3.7,5.8,9.5,7.3
59901,9.6,3.8,14.7,10.8,8.0
63689,11.3,4.6,7.9,10.4,7.3
47484,14.9,5.3,17.0,12.5,9.1
47917,23.8,6.2,21.0,15.6,8.6
65468,11.0,3.0,9.9,12.1,6.2
70093,9.4,2.6,7.7,9.9,7.1
39381,25.0,6.9,19.5,15.7,10.9
69246,7.6,3.3,6.5,11.6,7.5
50477,14.5,3.7,10.9,12.3,9.1
40680,21.6,5.7,9.4,14.4,10.3
54210,17.2,3.3,16.2,13.4,6.6
48370,18.8,4.9,9.6,12.6,8.5
43731,15.5,2.4,10.8,12.7,9.3
33085,24.1,4.8,17.2,16.5,10.4
78777,11.5,3.3,12.9,9.6,5.3
48688,12.2,4.4,12.4,11.1,8.3
29124,34.4,6.3,29.6,18.5,13.1
48780,17.7,2.5,19.9,13.0,8.8
47068,14.6,3.5,19.5,15.9,11.5
61129,11.1,2.5,9.2,9.7,6.4
57383,16.8,3.6,5.8,7.8,5.4
52047,13.7,3.9,9.4,11.3,8.4
59744,8.1,3.2,4.8,11.5,7.5
47363,16.0,3.6,14.8,12.7,9.2
51751,16.9,5.1,9.3,9.9,7.0
45512,14.5,3.6,14.0,12.0,8.3
54876,9.2,3.9,7.7,12.4,8.5
63755,11.9,3.5,8.9,12.2,7.1
47664,17.5,6.6,12.8,10.9,6.8
38265,16.3,4.7,20.1,17.1,12.1
51897,16.5,3.9,13.0,11.2,7.5
51790,15.2,6.5,22.1,13.4,8.0
59266,9.9,2.1,13.0,11.8,8.2
33392,29.4,6.2,21.6,19.6,10.7
48368,15.8,3.4,7.8,11.5,8.6
46912,19.9,5.7,15.1,17.2,12.0
60111,12.9,2.6,6.5,8.3,6.0
79348,5.9,4.7,6.9,9.2,6.1
35751,25.2,8.4,26.3,17.6,12.7
36760,22.0,6.1,22.5,19.3,10.9
56946,13.4,3.5,7.7,12.6,8.0
72121,8.1,2.9,3.0,9.0,6.4
53866,9.7,2.3,6.4,14.8,10.1
40072,29.6,2.4,31.7,13.6,6.6
52588,14.1,3.6,21.2,14.6,7.8
82733,7.4,3.1,8.6,10.0,5.8
68217,10.2,4.4,9.4,10.9,7.1
44913,15.5,3.9,16.1,13.5,8.6
37212,25.4,4.9,22.7,17.4,10.0
49356,13.5,3.7,5.6,12.2,9.2
49843,12.7,2.3,10.7,11.4,8.6
36863,25.7,5.0,20.3,14.9,10.4
51724,12.0,2.6,8.3,10.0,7.6
44919,25.7,3.8,32.7,16.6,7.2
39726,20.4,3.6,19.5,15.1,9.7
94822,9.2,3.5,7.0,8.5,4.7
60306,11.4,2.6,7.2,11.3,8.3
41101,20.3,2.2,11.3,11.2,8.4
46245,13.1,2.4,3.9,11.9,9.1
36987,19.0,5.8,16.9,18.4,10.2
68069,11.7,3.2,12.9,7.0,4.6
48529,21.4,4.4,21.2,12.7,7.4
57879,13.5,7.5,22.0,12.1,7.0
53917,15.8,4.9,17.8,12.4,7.8
50956,15.9,4.9,12.6,12.0,7.9
64633,11.1,1.9,9.7,14.4,9.2
55514,12.9,4.3,12.0,12.9,8.8
71306,10.5,2.8,4.2,6.8,5.0
47425,16.3,5.3,14.0,12.1,8.4
49200,12.9,3.7,9.0,11.4,8.7
48606,15.7,3.3,11.7,13.3,8.3
44683,18.6,3.6,18.7,19.0,11.9
63241,10.3,2.7,15.0,11.9,7.8
51225,14.4,4.6,13.7,12.2,7.0
58380,8.5,3.1,11.4,13.7,8.5
47504,17.2,6.4,18.0,10.9,6.5
44607,18.6,4.6,18.1,14.7,8.7
42821,19.0,6.3,9.7,14.3,9.8
60034,11.2,2.1,8.9,11.5,7.7
51867,12.7,2.2,12.7,14.1,10.4
47441,12.6,7.8,10.8,13.4,10.2
58361,14.7,3.4,11.6,12.3,6.8
70756,12.0,3.7,8.7,9.1,5.7
48670,12.6,3.6,17.6,14.5,9.6
53978,10.0,4.5,9.8,13.0,8.7
51141,14.1,3.1,13.2,12.4,8.6
54434,11.5,2.8,12.3,10.9,8.8
43909,19.3,4.2,21.0,15.3,9.8
60826,12.8,5.9,13.1,12.7,7.6
47302,16.7,4.0,8.2,11.2,7.8
54351,13.0,5.0,14.5,13.1,8.5
47825,16.3,2.6,13.0,11.9,8.0
60975,8.4,2.6,6.5,10.4,7.9
45426,20.3,4.4,15.1,13.2,9.3
52837,18.1,3.6,7.3,9.1,6.0
62657,10.3,5.4,7.1,12.1,8.0
56960,10.6,2.7,9.1,12.1,7.8
51280,11.1,4.5,8.5,11.3,8.2
72739,8.3,4.4,11.0,11.4,7.2
47658,15.3,6.9,14.8,15.1,10.5
48779,13.6,3.6,20.9,12.6,8.4
53405,14.3,3.9,15.8,15.2,10.2
26814,35.3,6.5,21.9,22.7,11.7
46019,14.9,3.1,20.8,15.7,9.3
40395,23.9,3.5,9.4,9.6,6.8
60444,10.6,2.4,8.3,10.3,6.2
51692,13.6,2.9,11.4,11.3,8.7
48747,22.3,3.5,15.0,12.1,6.4
99223,6.7,3.7,6.8,9.9,6.3
47864,15.4,3.4,10.1,12.4,8.0
53553,11.1,4.7,6.8,11.8,8.9
48263,18.3,5.3,21.6,12.9,8.6
77598,9.3,3.8,12.6,10.7,6.5
49829,16.9,3.0,24.1,15.6,9.1
39522,18.3,4.9,11.6,13.0,9.8
49771,19.1,3.6,12.2,11.0,6.4
56022,9.6,3.0,8.7,11.5,8.3
45389,25.4,4.3,4.8,6.9,4.8
99224,6.7,3.2,6.7,9.2,5.8
43328,15.9,3.8,20.3,14.0,9.7
93540,6.6,3.1,7.4,8.7,5.5
56503,12.7,5.7,12.2,12.7,8.8
49060,15.1,4.1,18.9,14.3,9.3
37544,16.7,5.3,12.0,16.9,11.5
44627,15.8,4.3,7.9,11.7,8.4
48429,18.3,2.2,4.7,12.7,9.9
27767,37.6,7.6,29.4,22.4,11.4
60239,8.5,3.3,7.3,10.3,7.1
47028,17.5,5.0,16.1,16.0,10.7
54722,10.2,3.5,8.6,11.7,9.3
49287,15.2,5.5,9.7,13.5,8.7
75296,9.4,2.8,5.8,6.6,4.0
47299,13.2,5.9,10.6,15.3,10.7
59219,8.9,2.5,12.6,10.5,7.9
39536,17.3,3.2,23.9,14.7,9.5
50471,13.8,5.6,11.6,12.1,9.0
44684,16.3,3.2,20.3,14.0,9.5
39859,17.4,5.4,19.0,16.1,11.2
45341,21.5,2.1,36.1,13.7,6.7
54674,13.5,3.6,11.6,12.5,7.2
43192,21.1,4.7,26.6,18.8,11.6
56102,12.0,3.8,7.5,10.8,5.6
39176,21.3,4.3,22.9,16.7,10.2
50978,12.5,4.4,11.1,12.4,8.8
40425,25.6,9.6,11.8,16.2,9.3
39556,21.9,6.2,16.3,19.6,11.1
64777,6.9,2.5,7.4,11.3,8.0
42728,19.1,4.0,16.0,14.5,9.2
44431,19.4,3.9,18.9,16.1,10.1
53414,14.4,4.5,9.5,11.4,8.4
46777,16.4,1.9,13.6,15.2,11.1
53034,16.2,4.7,17.6,14.0,7.2
63477,14.3,4.0,11.0,13.5,5.7
98875,4.0,2.8,2.4,7.9,4.9
38912,23.7,15.3,14.3,17.1,10.5
41495,21.6,5.6,19.0,16.0,9.6
53970,11.7,2.9,14.1,11.1,7.2
49609,13.2,2.7,6.0,11.3,8.6
66499,9.3,3.8,11.3,9.6,6.1
56500,12.5,4.6,9.6,11.6,8.3
49712,12.9,2.6,14.7,11.3,8.2
58942,13.3,3.7,14.1,11.7,8.3
63398,9.0,3.8,9.9,11.8,8.1
53289,12.4,4.8,10.2,11.4,8.0
86268,5.9,3.5,7.2,9.3,6.0
51027,17.1,4.0,22.2,15.2,10.0
44348,23.1,4.8,14.2,14.6,7.9
50283,15.2,3.6,9.9,12.3,6.3
44116,19.5,17.0,27.9,13.0,8.6
62249,10.2,3.9,4.1,11.5,8.6
38849,24.9,5.8,23.0,17.0,9.8
55384,17.3,4.6,11.1,14.3,9.7
54058,11.7,2.5,9.4,12.8,8.7
60240,14.4,4.3,9.7,10.4,6.9
54331,8.4,3.5,9.0,12.6,8.6
39467,17.5,6.2,15.6,17.2,12.6
51441,15.3,4.0,10.0,13.8,9.3
70938,9.1,2.7,10.9,11.6,7.5
68978,8.6,2.9,11.9,10.3,7.0
41201,15.9,7.0,14.5,14.8,11.8
42624,21.0,4.6,19.1,13.7,8.8
60596,9.8,3.2,8.5,12.9,8.3
56509,10.2,4.3,7.8,11.9,8.9
50785,13.7,3.9,17.2,15.6,9.2
27292,35.4,9.4,33.6,21.3,15.1
45405,23.9,4.0,12.4,14.7,8.8
39225,22.8,3.8,18.8,14.3,10.2
55079,12.5,7.5,6.1,11.9,8.5
59500,12.3,3.7,9.1,9.7,6.8
56678,11.0,3.2,6.3,10.0,8.7
67790,9.8,4.0,8.1,10.2,6.7
55978,11.2,4.1,12.1,12.2,8.9
54830,12.7,2.7,16.8,11.3,8.2
45700,20.4,4.7,13.4,13.5,10.0
31739,26.0,6.7,21.2,20.3,11.0
60312,10.3,2.0,6.5,11.0,8.2
60627,12.5,2.9,10.4,11.1,6.7
66793,12.7,4.4,18.3,11.7,6.0
89175,7.1,3.2,5.4,9.0,5.9
58618,12.4,2.5,6.5,8.5,5.4
46629,15.3,6.0,15.4,15.0,10.0
48660,17.7,3.5,12.6,13.5,8.9
51235,13.1,2.4,6.4,12.3,8.4
40909,22.4,4.8,15.0,14.5,9.1
49220,16.0,3.0,13.3,12.3,8.5
49082,14.3,4.2,10.2,14.4,8.8
55322,9.7,2.2,6.5,10.6,7.9
55879,10.1,3.5,7.2,10.4,7.8
44015,21.1,6.1,19.7,15.9,9.1
36085,18.8,5.7,14.4,14.2,9.8
50089,14.9,4.6,12.5,13.9,9.0
50672,16.5,3.8,13.2,13.7,9.2
67349,7.0,4.2,4.8,11.6,9.2
63772,8.8,4.6,7.1,9.2,6.5
48731,16.7,4.0,12.7,15.1,10.7
80078,6.7,2.2,6.7,6.8,4.8
31659,24.3,4.3,15.5,16.0,12.5
46284,15.3,4.7,10.4,11.4,8.0
59587,10.4,3.4,10.8,13.4,10.2
50300,10.7,3.1,11.4,13.2,8.5
44439,12.7,2.5,6.3,13.0,8.9
63567,14.3,6.0,21.1,12.0,6.3
66171,8.9,2.8,10.1,11.5,7.5
43671,15.5,3.6,14.2,12.7,9.9
44080,18.9,3.7,21.4,14.5,10.3
73831,5.6,3.0,6.2,11.1,6.6
51088,13.1,3.9,16.2,12.7,7.6
63442,7.5,2.7,8.3,9.2,7.1
33261,27.9,5.1,17.6,17.6,9.9
42098,23.4,6.9,18.1,14.9,8.2
36718,25.7,5.7,19.3,16.4,9.7
51152,15.6,3.5,16.5,13.6,9.5
43390,15.2,3.1,17.5,13.3,9.4
59087,8.8,3.4,8.3,11.0,8.2
46220,8.3,3.7,6.5,12.5,9.7
58761,9.9,3.1,8.7,10.1,7.7
44978,16.8,3.6,12.1,14.0,10.0
38323,21.3,4.1,21.9,14.3,9.6
40499,25.6,4.3,26.7,15.1,9.0
52367,10.8,1.9,11.8,9.9,7.8
66387,9.9,3.4,14.9,12.3,7.8
47561,20.4,3.3,4.0,7.4,4.8
58234,9.1,3.0,14.4,13.9,9.7
40467,22.4,5.5,13.4,15.7,8.6
44492,17.7,4.7,18.9,13.8,9.1
53785,12.2,2.7,33.3,13.7,7.4
50554,11.2,4.5,7.4,12.5,8.8
40602,20.3,7.4,12.2,14.3,10.6
70199,9.2,3.5,17.0,8.2,5.0
58105,8.2,5.8,11.4,10.8,7.7
37233,21.4,5.1,20.5,20.5,11.5
80698,5.9,3.2,8.2,9.4,6.8
51343,13.1,3.0,14.9,16.4,10.7
75663,8.0,2.9,7.8,10.6,6.6
72451,9.5,1.8,18.4,11.1,7.0
71767,9.0,3.5,9.6,9.4,6.2
84861,5.0,3.5,7.4,9.5,6.1
38449,19.0,5.0,20.2,13.2,10.0
43559,16.0,5.3,11.8,15.1,10.2
61044,10.5,3.8,4.6,10.2,7.5
48258,13.7,3.3,18.5,15.1,9.5
59938,8.2,3.7,9.6,11.3,8.3
36310,22.9,6.5,21.8,19.0,10.7
70955,9.7,5.2,10.3,10.6,7.5
37586,23.1,4.6,19.4,18.0,10.1
62519,11.4,4.2,13.5,11.2,7.2
42351,19.7,4.2,15.7,13.3,9.1
41002,20.0,3.9,19.7,16.7,9.5
60367,11.3,2.4,7.6,9.6,6.7
37776,22.0,6.0,19.5,15.3,10.2
51730,11.9,2.8,13.8,13.3,8.1
68835,8.7,3.3,14.0,11.0,7.4
52747,10.0,3.0,4.9,11.3,8.5
76373,10.7,3.4,10.7,9.8,6.4
46314,14.1,7.8,11.9,15.0,10.9
33659,32.7,5.2,18.8,19.1,10.9
46187,14.4,5.1,8.8,11.3,7.8
43151,17.4,5.3,21.0,16.0,11.3
33111,37.1,5.5,22.7,16.7,9.0
43050,16.9,7.0,14.5,15.8,11.3
43717,17.2,5.3,17.4,16.4,11.8
42754,13.5,3.7,7.2,12.8,9.8
49731,12.6,4.4,14.8,14.7,9.4
56774,11.2,3.4,10.8,12.3,7.3
36384,22.8,10.4,19.2,18.1,13.2
140382,3.6,2.5,6.5,7.5,4.2
43948,20.5,4.2,22.5,15.0,6.6
46259,20.0,3.7,21.7,15.2,9.0
45254,16.6,4.1,14.9,12.3,8.5
50856,10.3,4.8,6.0,8.9,4.6
99425,10.1,2.2,7.5,8.3,4.5
42603,17.3,3.7,17.8,15.0,10.6
56694,10.8,4.6,8.3,11.0,7.9
54311,12.9,2.3,5.1,8.9,5.9
51777,13.4,4.0,9.7,12.2,8.3
52660,12.2,5.5,10.2,12.7,8.4
62817,8.9,2.5,8.1,10.7,6.8
44756,17.8,3.6,15.8,14.2,10.7
69665,13.3,6.3,28.7,11.2,6.3
41421,18.2,3.2,22.4,17.3,10.5
54088,12.9,3.3,16.8,13.6,8.4
38827,24.5,3.8,20.1,15.5,8.9
59142,9.4,3.6,14.0,11.7,8.2
87267,5.2,1.7,4.7,7.1,4.6
54569,12.4,3.0,15.7,11.1,7.2
47032,12.4,3.7,8.8,12.3,9.5
49471,20.3,3.6,9.7,10.3,7.1
82184,7.1,3.5,7.4,10.6,5.8
44710,16.4,3.6,18.0,14.7,9.6
30490,33.2,10.1,48.5,19.4,9.1
48390,13.7,3.1,6.2,12.3,8.6
79658,8.6,3.4,8.1,10.1,5.6
51985,16.2,4.1,13.8,12.6,8.5
39506,18.1,5.0,15.3,18.8,12.8
58113,12.4,3.9,13.0,11.5,8.6
64426,9.7,3.6,10.8,11.2,7.6
52122,12.5,2.9,7.5,11.2,8.3
58648,10.4,3.0,8.1,10.4,8.1
54871,12.7,2.6,14.0,14.6,10.1
51746,15.2,4.0,13.7,14.7,8.6
54800,13.8,4.4,10.3,11.3,7.8
53132,11.3,2.8,6.7,10.4,7.2
53904,9.7,4.1,10.6,12.4,8.7
29244,35.1,6.8,21.2,19.2,9.7
57690,12.1,2.9,8.0,9.8,6.8
50565,17.8,4.5,15.5,15.0,10.3
50246,13.8,3.7,16.7,14.9,9.8
41281,19.8,4.3,21.3,15.2,10.1
75477,6.9,7.8,1.6,9.4,6.1
55112,11.0,2.3,17.8,12.7,9.2
66296,9.6,3.4,10.5,11.0,6.6
48410,13.4,5.4,8.6,12.3,9.2
36299,27.6,4.2,23.9,15.5,10.4
79141,8.4,2.7,17.1,10.7,5.5
96924,4.9,2.9,3.2,6.5,4.5
58873,10.2,4.4,5.2,9.6,7.4
45517,17.1,4.4,20.5,16.1,9.7
42879,17.3,3.8,18.7,16.9,10.4
39201,17.6,3.9,24.5,16.4,10.6
41445,25.7,4.6,7.8,10.5,6.9
60241,16.5,4.4,19.1,13.4,6.2
47682,14.7,4.0,10.6,14.6,10.3
50834,14.6,3.5,13.8,12.6,9.0
41919,21.2,5.4,25.4,16.9,8.4
37566,24.6,4.2,18.4,15.6,10.7
31662,54.0,10.3,24.0,17.9,10.9
38023,20.5,4.5,19.5,16.3,9.2
44623,18.8,5.5,14.1,14.2,9.8
48517,12.6,4.0,9.0,11.5,8.9
44833,18.2,4.3,8.8,13.3,9.1
53867,14.2,3.4,21.8,14.7,8.4
53143,11.8,5.4,6.4,11.8,8.3
37148,24.7,4.2,20.7,15.6,12.6
38092,22.2,6.0,20.3,19.1,11.1
46049,19.2,5.5,12.8,15.5,8.4
53251,19.2,4.4,4.9,8.6,5.4
52292,10.2,3.0,7.2,10.9,7.9
49972,11.0,4.3,15.9,14.7,9.1
51709,15.5,4.1,16.6,14.4,10.0
50684,17.4,5.6,9.7,12.3,8.2
56800,10.0,3.3,9.1,12.1,8.1
51026,19.8,3.3,7.6,10.2,6.1
38430,19.8,5.9,19.5,19.6,11.2
41156,18.6,4.2,21.9,15.7,11.0
54438,10.0,2.9,6.0,11.7,8.4
52058,10.4,3.8,8.4,12.0,8.7
100887,6.0,3.7,7.0,9.5,6.2
115930,3.8,2.5,4.4,9.0,5.6
64756,7.8,1.9,8.3,11.1,8.0
68380,11.6,4.0,6.6,11.0,7.0
52538,24.1,2.9,7.5,8.4,5.4
43402,15.3,4.1,14.1,15.5,10.5
62556,11.1,4.3,13.1,13.3,7.5
54581,9.7,3.6,10.5,13.1,8.8
54319,11.8,3.5,7.8,11.7,8.5
43972,15.4,3.4,16.2,13.3,9.5
59787,10.5,3.9,10.8,11.1,7.9
57705,10.8,4.9,6.9,12.1,8.2
39766,23.3,6.9,19.1,16.7,12.4
68483,9.7,4.3,8.2,11.3,8.3
39123,25.2,7.6,14.2,15.1,9.2
55300,11.0,5.1,8.9,11.1,7.8
48394,15.0,4.9,9.9,11.5,8.8
48763,17.3,6.7,11.1,12.5,9.0
46742,18.0,3.9,15.7,15.2,10.4
34446,27.3,7.1,23.7,16.7,10.6
57019,12.5,6.3,12.2,12.5,8.6
50031,14.9,2.9,16.5,14.2,10.0
43510,17.3,4.7,18.1,15.7,8.9
39533,26.1,3.7,19.7,18.0,11.4
46342,16.0,3.5,21.7,13.9,9.9
37887,20.2,4.1,20.3,15.1,10.6
48574,14.0,2.2,18.1,13.1,9.8
50054,13.4,3.6,8.3,10.6,7.2
72247,7.1,4.1,5.5,9.3,6.8
41009,17.8,3.6,13.8,15.7,11.3
31921,30.8,7.1,29.8,17.8,12.6
48580,12.6,4.2,10.9,14.5,10.2
87959,7.0,3.6,7.2,11.6,6.4
51414,16.4,3.6,13.9,14.9,9.4
44457,18.3,5.7,17.6,16.4,9.7
34491,23.5,6.1,8.4,19.9,10.8
74794,7.0,3.2,5.1,9.3,6.6
53871,10.9,2.3,12.5,11.7,8.2
44580,16.3,2.7,4.6,11.3,8.3
75799,4.5,2.5,5.2,8.8,6.3
66164,9.4,3.1,10.9,13.2,8.8
61087,10.0,3.8,13.0,11.8,7.7
57257,12.5,3.5,16.4,14.1,8.0
29267,42.5,4.7,24.8,20.6,10.0
125933,7.3,2.6,11.9,9.5,4.5
52079,14.6,3.4,16.3,13.9,9.0
45227,19.1,7.5,14.4,14.1,10.1
56489,10.1,3.1,10.8,11.8,8.2
38357,23.6,3.9,17.1,15.4,8.9
42475,22.5,3.9,20.9,15.3,10.3
73981,8.5,2.5,8.2,11.0,6.7
87336,8.0,4.5,9.4,9.5,5.8
37350,23.7,6.2,22.7,17.7,14.5
44534,13.4,3.5,15.4,12.9,8.4
49707,16.0,4.3,17.5,14.2,9.9
87377,4.9,3.0,5.5,8.1,5.3
56976,9.2,4.1,17.7,11.4,8.3
59931,8.2,2.6,7.3,10.5,7.5
95840,4.2,2.5,4.0,8.5,5.3
50201,16.0,3.4,12.8,13.2,9.2
74507,9.2,5.8,13.8,10.7,7.0
62779,12.7,2.9,8.2,10.8,7.0
28887,33.6,7.0,26.3,23.1,12.3
26449,33.2,8.9,24.9,21.9,10.7
50819,15.3,4.7,18.9,14.6,10.0
46782,13.0,3.9,7.7,13.8,10.2
53792,13.0,3.2,15.3,11.0,6.7
59815,8.5,2.3,8.0,10.9,8.0
47067,16.3,5.0,12.6,14.5,9.6
38171,14.9,4.8,16.5,16.7,12.1
53395,16.2,4.5,11.7,10.8,7.7
68724,7.3,2.9,10.2,11.5,7.0
63401,10.0,4.4,7.2,10.4,7.2
53738,13.0,3.5,14.8,12.2,8.0
59724,10.6,2.6,5.9,10.3,7.3
40541,17.5,4.4,15.4,15.5,10.7
58017,10.5,2.6,8.7,11.3,7.5
37729,21.7,4.5,18.0,16.3,10.2
46370,16.1,4.8,11.6,15.3,10.5
51868,14.1,3.4,15.2,13.5,8.5
48315,12.3,2.7,14.5,12.6,9.3
47183,13.1,3.4,11.9,12.6,9.4
56696,11.0,2.9,11.9,13.1,8.9
58132,15.1,2.5,5.9,8.1,5.5
77684,7.0,2.6,11.4,10.4,7.0
33159,32.1,4.8,25.1,18.2,10.1
36908,20.7,4.7,22.4,20.3,11.0
69001,8.0,4.3,4.5,10.5,8.2
63274,13.1,4.4,7.6,8.5,5.7
54663,11.1,2.8,7.7,11.4,8.2
67434,11.5,3.5,13.8,11.8,6.7
44298,15.2,3.3,9.1,12.8,9.3
55624,15.8,5.3,7.9,8.7,6.1
59913,9.6,2.5,12.3,10.3,7.8
37867,22.5,6.4,17.7,17.1,12.0
45853,16.0,5.5,10.8,14.5,10.6
48805,17.0,4.8,10.5,13.2,8.7
46365,15.4,6.9,12.0,14.5,10.7
39202,19.1,4.1,17.2,15.8,11.1
32922,26.0,4.3,22.9,19.8,12.3
52681,10.7,3.2,7.0,12.3,8.1
42054,21.3,5.9,29.2,19.8,11.0
60874,12.0,4.2,13.1,12.9,7.9
51393,15.5,3.2,14.3,12.2,7.1
67746,8.2,3.2,5.7,9.9,6.7
67054,11.8,4.2,9.8,11.7,7.5
33171,35.0,9.9,34.1,18.3,8.9
35020,26.2,5.9,17.3,17.1,9.5
53704,13.9,3.2,11.5,14.6,10.2
40880,23.1,3.8,27.8,15.6,10.5
48778,13.4,3.0,7.3,12.8,9.6
43852,17.7,4.0,9.1,10.9,7.2
46191,12.5,3.3,8.0,13.3,10.0
52741,14.7,2.8,16.0,15.2,8.7
52658,12.6,4.9,12.9,13.1,8.7
58391,13.2,2.7,9.7,10.1,7.3
55486,10.1,2.0,5.6,12.0,8.7
37401,21.4,5.4,21.3,16.1,9.1
52567,12.0,2.8,7.8,11.5,7.8
52310,14.4,4.9,8.7,13.1,8.4
37370,23.7,3.8,19.4,14.5,10.3
59567,9.1,2.3,6.6,11.3,7.9
80737,7.8,4.3,13.8,11.6,6.1
51921,13.7,2.9,19.1,12.8,8.1
53820,13.0,4.8,10.2,11.4,7.9
100075,7.3,3.9,9.6,10.7,6.4
59323,12.6,4.4,10.7,11.4,8.1
56206,13.2,2.5,29.1,12.9,6.5
65379,8.5,3.0,7.8,9.3,5.8
56141,16.1,4.4,15.2,11.5,6.7
44248,14.7,4.5,7.8,14.8,10.7
47243,13.3,5.2,12.9,12.7,8.9
92616,6.6,3.9,6.9,12.6,5.6
48260,14.6,2.4,5.1,11.8,8.7
42862,15.5,3.9,20.6,15.2,11.0
34023,27.4,8.2,20.3,17.8,10.5
51802,12.6,2.6,14.5,9.6,6.4
